[{"model": "admin.logentry", "pk": 1, "fields": {"action_time": "2024-11-12T09:22:36.810Z", "user": 1, "content_type": 4, "object_id": "2", "object_repr": "6610625011", "action_flag": 1, "change_message": "[{\"added\": {}}]"}}, {"model": "admin.logentry", "pk": 2, "fields": {"action_time": "2024-11-12T10:08:46.018Z", "user": 1, "content_type": 4, "object_id": "2", "object_repr": "6610625011", "action_flag": 3, "change_message": ""}}, {"model": "admin.logentry", "pk": 3, "fields": {"action_time": "2024-11-12T10:11:57.728Z", "user": 1, "content_type": 4, "object_id": "3", "object_repr": "6610625011", "action_flag": 1, "change_message": "[{\"added\": {}}]"}}, {"model": "admin.logentry", "pk": 4, "fields": {"action_time": "2024-11-12T10:16:27.878Z", "user": 1, "content_type": 11, "object_id": "1", "object_repr": "Chutikarn Keedkum (6610625011)", "action_flag": 1, "change_message": "[{\"added\": {}}]"}}, {"model": "admin.logentry", "pk": 5, "fields": {"action_time": "2024-11-12T11:50:32.720Z", "user": 1, "content_type": 7, "object_id": "1", "object_repr": "ลอยกระทงธรรมศาสตร์2024 🎆🎡", "action_flag": 1, "change_message": "[{\"added\": {}}]"}}, {"model": "admin.logentry", "pk": 6, "fields": {"action_time": "2024-11-16T16:08:01.570Z", "user": 1, "content_type": 4, "object_id": "4", "object_repr": "tu_folksong", "action_flag": 1, "change_message": "[{\"added\": {}}]"}}, {"model": "admin.logentry", "pk": 7, "fields": {"action_time": "2024-11-16T16:10:16.262Z", "user": 1, "content_type": 11, "object_id": "2", "object_repr": "TU Folksong (None)", "action_flag": 1, "change_message": "[{\"added\": {}}]"}}, {"model": "admin.logentry", "pk": 8, "fields": {"action_time": "2024-11-18T08:03:09.912Z", "user": 1, "content_type": 7, "object_id": "1", "object_repr": "ลอยกระทงธรรมศาสตร์2024 🎆🎡", "action_flag": 2, "change_message": "[{\"changed\": {\"fields\": [\"Image\"]}}]"}}, {"model": "admin.logentry", "pk": 9, "fields": {"action_time": "2024-11-18T08:43:38.938Z", "user": 1, "content_type": 7, "object_id": "1", "object_repr": "ลอยกระทงธรรมศาสตร์2024 🎆🎡", "action_flag": 2, "change_message": "[{\"changed\": {\"fields\": [\"Image\"]}}]"}}, {"model": "admin.logentry", "pk": 10, "fields": {"action_time": "2024-11-18T08:43:44.233Z", "user": 1, "content_type": 7, "object_id": "1", "object_repr": "ลอยกระทงธรรมศาสตร์2024 🎆🎡", "action_flag": 2, "change_message": "[{\"changed\": {\"fields\": [\"Image\"]}}]"}}, {"model": "admin.logentry", "pk": 11, "fields": {"action_time": "2024-11-18T10:26:39.329Z", "user": 1, "content_type": 7, "object_id": "1", "object_repr": "ลอยกระทงธรรมศาสตร์2024", "action_flag": 2, "change_message": "[{\"changed\": {\"fields\": [\"Title\"]}}]"}}, {"model": "admin.logentry", "pk": 12, "fields": {"action_time": "2024-11-19T13:26:22.321Z", "user": 1, "content_type": 7, "object_id": "2", "object_repr": "เชิญชวนนักชิม", "action_flag": 1, "change_message": "[{\"added\": {}}]"}}, {"model": "admin.logentry", "pk": 13, "fields": {"action_time": "2024-11-19T13:26:39.483Z", "user": 1, "content_type": 7, "object_id": "2", "object_repr": "เชิญชวนนักชิม", "action_flag": 2, "change_message": "[{\"changed\": {\"fields\": [\"Place\"]}}]"}}, {"model": "admin.logentry", "pk": 14, "fields": {"action_time": "2024-11-19T13:28:40.143Z", "user": 1, "content_type": 7, "object_id": "2", "object_repr": "เชิญชวนนักชิม", "action_flag": 2, "change_message": "[{\"changed\": {\"fields\": [\"Image\"]}}]"}}, {"model": "admin.logentry", "pk": 15, "fields": {"action_time": "2024-11-20T12:50:24.335Z", "user": 1, "content_type": 7, "object_id": "3", "object_repr": "jujitsu self defense", "action_flag": 1, "change_message": "[{\"added\": {}}]"}}, {"model": "admin.logentry", "pk": 16, "fields": {"action_time": "2024-11-20T12:51:26.758Z", "user": 1, "content_type": 7, "object_id": "2", "object_repr": "เชิญชวนนักชิม", "action_flag": 2, "change_message": "[{\"changed\": {\"fields\": [\"Image\"]}}]"}}, {"model": "admin.logentry", "pk": 17, "fields": {"action_time": "2024-11-20T12:51:34.003Z", "user": 1, "content_type": 7, "object_id": "2", "object_repr": "เชิญชวนนักชิม", "action_flag": 2, "change_message": "[{\"changed\": {\"fields\": [\"Image\"]}}]"}}, {"model": "admin.logentry", "pk": 18, "fields": {"action_time": "2024-11-21T13:25:45.624Z", "user": 1, "content_type": 4, "object_id": "5", "object_repr": "6610685387", "action_flag": 1, "change_message": "[{\"added\": {}}]"}}, {"model": "admin.logentry", "pk": 19, "fields": {"action_time": "2024-11-21T13:32:45.202Z", "user": 1, "content_type": 4, "object_id": "6", "object_repr": "tse_ambassador", "action_flag": 1, "change_message": "[{\"added\": {}}]"}}, {"model": "admin.logentry", "pk": 20, "fields": {"action_time": "2024-11-22T02:59:59.463Z", "user": 1, "content_type": 10, "object_id": "1", "object_repr": "กระเป๋าตังค์", "action_flag": 1, "change_message": "[{\"added\": {}}]"}}, {"model": "admin.logentry", "pk": 21, "fields": {"action_time": "2024-11-22T03:00:40.546Z", "user": 1, "content_type": 10, "object_id": "1", "object_repr": "กระเป๋าตังค์", "action_flag": 2, "change_message": "[{\"changed\": {\"fields\": [\"Description\"]}}]"}}, {"model": "admin.logentry", "pk": 22, "fields": {"action_time": "2024-11-22T04:20:34.804Z", "user": 1, "content_type": 10, "object_id": "1", "object_repr": "กระเป๋าตังค์", "action_flag": 2, "change_message": "[]"}}, {"model": "admin.logentry", "pk": 23, "fields": {"action_time": "2024-11-22T04:24:04.801Z", "user": 1, "content_type": 10, "object_id": "1", "object_repr": "กระเป๋าตังค์", "action_flag": 2, "change_message": "[]"}}, {"model": "admin.logentry", "pk": 24, "fields": {"action_time": "2024-11-22T04:24:30.000Z", "user": 1, "content_type": 10, "object_id": "2", "object_repr": "กระเป๋าตังค์", "action_flag": 1, "change_message": "[{\"added\": {}}]"}}, {"model": "admin.logentry", "pk": 25, "fields": {"action_time": "2024-11-22T04:29:22.798Z", "user": 1, "content_type": 10, "object_id": "3", "object_repr": "กระเป๋าตังค์", "action_flag": 1, "change_message": "[{\"added\": {}}]"}}, {"model": "admin.logentry", "pk": 26, "fields": {"action_time": "2024-11-22T04:30:09.887Z", "user": 1, "content_type": 10, "object_id": "2", "object_repr": "กระเป๋าตังค์", "action_flag": 3, "change_message": ""}}, {"model": "admin.logentry", "pk": 27, "fields": {"action_time": "2024-11-22T04:30:13.189Z", "user": 1, "content_type": 10, "object_id": "1", "object_repr": "กระเป๋าตังค์", "action_flag": 3, "change_message": ""}}, {"model": "admin.logentry", "pk": 28, "fields": {"action_time": "2024-11-22T04:30:19.377Z", "user": 1, "content_type": 10, "object_id": "3", "object_repr": "กระเป๋าตังค์", "action_flag": 2, "change_message": "[{\"changed\": {\"fields\": [\"Image\"]}}]"}}, {"model": "admin.logentry", "pk": 29, "fields": {"action_time": "2024-11-22T05:17:45.390Z", "user": 1, "content_type": 9, "object_id": "1", "object_repr": "ไอเเพด", "action_flag": 1, "change_message": "[{\"added\": {}}]"}}, {"model": "admin.logentry", "pk": 30, "fields": {"action_time": "2024-11-22T05:18:17.255Z", "user": 1, "content_type": 9, "object_id": "1", "object_repr": "ไอเเพด", "action_flag": 2, "change_message": "[{\"changed\": {\"fields\": [\"Found at\"]}}]"}}, {"model": "admin.logentry", "pk": 31, "fields": {"action_time": "2024-11-22T16:32:02.106Z", "user": 1, "content_type": 10, "object_id": "4", "object_repr": "None", "action_flag": 3, "change_message": ""}}, {"model": "admin.logentry", "pk": 32, "fields": {"action_time": "2024-11-22T16:32:06.809Z", "user": 1, "content_type": 10, "object_id": "5", "object_repr": "None", "action_flag": 3, "change_message": ""}}, {"model": "admin.logentry", "pk": 33, "fields": {"action_time": "2024-11-22T16:32:09.787Z", "user": 1, "content_type": 10, "object_id": "6", "object_repr": "None", "action_flag": 3, "change_message": ""}}, {"model": "admin.logentry", "pk": 34, "fields": {"action_time": "2024-11-22T16:32:12.781Z", "user": 1, "content_type": 10, "object_id": "7", "object_repr": "None", "action_flag": 3, "change_message": ""}}, {"model": "admin.logentry", "pk": 35, "fields": {"action_time": "2024-11-22T16:32:17.235Z", "user": 1, "content_type": 10, "object_id": "8", "object_repr": "None", "action_flag": 3, "change_message": ""}}, {"model": "admin.logentry", "pk": 36, "fields": {"action_time": "2024-11-22T16:32:20.208Z", "user": 1, "content_type": 10, "object_id": "9", "object_repr": "None", "action_flag": 3, "change_message": ""}}, {"model": "admin.logentry", "pk": 37, "fields": {"action_time": "2024-11-22T16:32:22.762Z", "user": 1, "content_type": 10, "object_id": "10", "object_repr": "None", "action_flag": 3, "change_message": ""}}, {"model": "admin.logentry", "pk": 38, "fields": {"action_time": "2024-11-22T16:32:25.590Z", "user": 1, "content_type": 10, "object_id": "11", "object_repr": "1234", "action_flag": 3, "change_message": ""}}, {"model": "admin.logentry", "pk": 39, "fields": {"action_time": "2024-11-22T16:32:29.351Z", "user": 1, "content_type": 10, "object_id": "12", "object_repr": "กระเป๋าตังค์", "action_flag": 3, "change_message": ""}}, {"model": "admin.logentry", "pk": 40, "fields": {"action_time": "2024-11-22T16:32:35.235Z", "user": 1, "content_type": 9, "object_id": "2", "object_repr": "asdas", "action_flag": 3, "change_message": ""}}, {"model": "admin.logentry", "pk": 41, "fields": {"action_time": "2024-11-22T16:47:56.281Z", "user": 1, "content_type": 10, "object_id": "13", "object_repr": "หมาน้อย", "action_flag": 2, "change_message": "[]"}}, {"model": "admin.logentry", "pk": 42, "fields": {"action_time": "2024-11-23T03:12:26.356Z", "user": 1, "content_type": 10, "object_id": "18", "object_repr": "asdasd", "action_flag": 2, "change_message": "[]"}}, {"model": "admin.logentry", "pk": 43, "fields": {"action_time": "2024-11-23T03:17:07.663Z", "user": 1, "content_type": 10, "object_id": "15", "object_repr": "sef", "action_flag": 2, "change_message": "[{\"changed\": {\"fields\": [\"Founded status\"]}}]"}}, {"model": "admin.logentry", "pk": 44, "fields": {"action_time": "2024-11-23T03:54:28.127Z", "user": 1, "content_type": 11, "object_id": "3", "object_repr": "Ultimata Sangrungruang (6610685387)", "action_flag": 1, "change_message": "[{\"added\": {}}]"}}, {"model": "admin.logentry", "pk": 45, "fields": {"action_time": "2024-11-23T03:54:31.738Z", "user": 1, "content_type": 11, "object_id": "1", "object_repr": "Chutikarn Keedkum (6610625011)", "action_flag": 2, "change_message": "[]"}}, {"model": "admin.logentry", "pk": 46, "fields": {"action_time": "2024-11-23T03:56:51.745Z", "user": 1, "content_type": 4, "object_id": "7", "object_repr": "6610685353", "action_flag": 1, "change_message": "[{\"added\": {}}]"}}, {"model": "admin.logentry", "pk": 47, "fields": {"action_time": "2024-11-23T03:57:42.280Z", "user": 1, "content_type": 11, "object_id": "4", "object_repr": "Siranat Phimphicharn (6610685353)", "action_flag": 1, "change_message": "[{\"added\": {}}]"}}, {"model": "admin.logentry", "pk": 48, "fields": {"action_time": "2024-11-23T04:26:06.663Z", "user": 1, "content_type": 4, "object_id": "8", "object_repr": "6610688888", "action_flag": 1, "change_message": "[{\"added\": {}}]"}}, {"model": "admin.logentry", "pk": 49, "fields": {"action_time": "2024-11-23T04:26:50.725Z", "user": 1, "content_type": 11, "object_id": "5", "object_repr": "test (6610688888)", "action_flag": 1, "change_message": "[{\"added\": {}}]"}}, {"model": "admin.logentry", "pk": 50, "fields": {"action_time": "2024-11-23T04:52:32.974Z", "user": 1, "content_type": 10, "object_id": "20", "object_repr": "fghjk", "action_flag": 3, "change_message": ""}}, {"model": "admin.logentry", "pk": 51, "fields": {"action_time": "2024-11-23T04:52:36.798Z", "user": 1, "content_type": 10, "object_id": "19", "object_repr": "sadasd", "action_flag": 3, "change_message": ""}}, {"model": "admin.logentry", "pk": 52, "fields": {"action_time": "2024-11-23T04:52:40.673Z", "user": 1, "content_type": 10, "object_id": "18", "object_repr": "asdasd", "action_flag": 3, "change_message": ""}}, {"model": "admin.logentry", "pk": 53, "fields": {"action_time": "2024-11-23T04:52:44.180Z", "user": 1, "content_type": 10, "object_id": "17", "object_repr": "asdasd", "action_flag": 3, "change_message": ""}}, {"model": "admin.logentry", "pk": 54, "fields": {"action_time": "2024-11-23T04:52:47.357Z", "user": 1, "content_type": 10, "object_id": "16", "object_repr": "asda", "action_flag": 3, "change_message": ""}}, {"model": "admin.logentry", "pk": 55, "fields": {"action_time": "2024-11-23T04:52:50.238Z", "user": 1, "content_type": 10, "object_id": "15", "object_repr": "sef", "action_flag": 3, "change_message": ""}}, {"model": "admin.logentry", "pk": 56, "fields": {"action_time": "2024-11-23T04:52:53.771Z", "user": 1, "content_type": 10, "object_id": "14", "object_repr": "sef", "action_flag": 3, "change_message": ""}}, {"model": "admin.logentry", "pk": 57, "fields": {"action_time": "2024-11-23T04:52:57.734Z", "user": 1, "content_type": 10, "object_id": "13", "object_repr": "หมาน้อย", "action_flag": 3, "change_message": ""}}, {"model": "admin.logentry", "pk": 58, "fields": {"action_time": "2024-11-23T04:53:40.745Z", "user": 1, "content_type": 10, "object_id": "22", "object_repr": "กระเป๋าตังค์", "action_flag": 1, "change_message": "[{\"added\": {}}]"}}, {"model": "admin.logentry", "pk": 59, "fields": {"action_time": "2024-11-23T04:53:48.655Z", "user": 1, "content_type": 10, "object_id": "3", "object_repr": "กระเป๋าตังค์", "action_flag": 3, "change_message": ""}}, {"model": "admin.logentry", "pk": 60, "fields": {"action_time": "2024-11-23T04:54:00.287Z", "user": 1, "content_type": 10, "object_id": "22", "object_repr": "กระเป๋าตังค์", "action_flag": 2, "change_message": "[{\"changed\": {\"fields\": [\"Contact\"]}}]"}}, {"model": "admin.logentry", "pk": 61, "fields": {"action_time": "2024-11-23T04:54:16.515Z", "user": 1, "content_type": 11, "object_id": "3", "object_repr": "Ultimata Sangrungruang (6610685387)", "action_flag": 2, "change_message": "[{\"changed\": {\"fields\": [\"Image\"]}}]"}}, {"model": "admin.logentry", "pk": 62, "fields": {"action_time": "2024-11-23T05:00:10.991Z", "user": 1, "content_type": 11, "object_id": "3", "object_repr": "Ultimata Sangrungruang (6610685387)", "action_flag": 2, "change_message": "[{\"changed\": {\"fields\": [\"Image\"]}}]"}}, {"model": "admin.logentry", "pk": 63, "fields": {"action_time": "2024-11-23T05:02:59.352Z", "user": 1, "content_type": 10, "object_id": "22", "object_repr": "กระเป๋าตังค์", "action_flag": 2, "change_message": "[{\"changed\": {\"fields\": [\"Image\"]}}]"}}, {"model": "admin.logentry", "pk": 64, "fields": {"action_time": "2024-11-23T05:09:13.721Z", "user": 1, "content_type": 11, "object_id": "3", "object_repr": "Ultimata Sangrungruang (6610685387)", "action_flag": 2, "change_message": "[{\"changed\": {\"fields\": [\"Image\"]}}]"}}, {"model": "admin.logentry", "pk": 65, "fields": {"action_time": "2024-11-23T05:09:47.889Z", "user": 1, "content_type": 9, "object_id": "3", "object_repr": "dfghj", "action_flag": 3, "change_message": ""}}, {"model": "admin.logentry", "pk": 66, "fields": {"action_time": "2024-11-23T05:09:50.803Z", "user": 1, "content_type": 9, "object_id": "4", "object_repr": "asdasd", "action_flag": 3, "change_message": ""}}, {"model": "admin.logentry", "pk": 67, "fields": {"action_time": "2024-11-23T05:10:58.572Z", "user": 1, "content_type": 9, "object_id": "1", "object_repr": "ไอเเพด", "action_flag": 2, "change_message": "[{\"changed\": {\"fields\": [\"Student\"]}}]"}}, {"model": "admin.logentry", "pk": 68, "fields": {"action_time": "2024-11-23T05:15:56.418Z", "user": 1, "content_type": 9, "object_id": "1", "object_repr": "ไอเเพด", "action_flag": 2, "change_message": "[]"}}, {"model": "admin.logentry", "pk": 69, "fields": {"action_time": "2024-11-23T06:42:56.065Z", "user": 1, "content_type": 10, "object_id": "23", "object_repr": "test", "action_flag": 3, "change_message": ""}}, {"model": "admin.logentry", "pk": 70, "fields": {"action_time": "2024-11-23T06:42:59.245Z", "user": 1, "content_type": 10, "object_id": "24", "object_repr": "เครื่องคิดเลข", "action_flag": 3, "change_message": ""}}, {"model": "admin.logentry", "pk": 71, "fields": {"action_time": "2024-11-23T06:43:03.798Z", "user": 1, "content_type": 10, "object_id": "25", "object_repr": "เครื่องคิดเลข", "action_flag": 3, "change_message": ""}}, {"model": "admin.logentry", "pk": 72, "fields": {"action_time": "2024-11-23T06:43:07.556Z", "user": 1, "content_type": 10, "object_id": "26", "object_repr": "เครื่องคิดเลข", "action_flag": 3, "change_message": ""}}, {"model": "admin.logentry", "pk": 73, "fields": {"action_time": "2024-11-23T06:43:11.392Z", "user": 1, "content_type": 10, "object_id": "27", "object_repr": "เครื่องคิดเลข", "action_flag": 3, "change_message": ""}}, {"model": "admin.logentry", "pk": 74, "fields": {"action_time": "2024-11-23T06:43:22.059Z", "user": 1, "content_type": 10, "object_id": "28", "object_repr": "เครื่องคิดเลข", "action_flag": 3, "change_message": ""}}, {"model": "admin.logentry", "pk": 75, "fields": {"action_time": "2024-11-23T06:43:25.196Z", "user": 1, "content_type": 10, "object_id": "29", "object_repr": "test", "action_flag": 3, "change_message": ""}}, {"model": "admin.logentry", "pk": 76, "fields": {"action_time": "2024-11-23T06:43:32.058Z", "user": 1, "content_type": 9, "object_id": "5", "object_repr": "test", "action_flag": 3, "change_message": ""}}, {"model": "admin.logentry", "pk": 77, "fields": {"action_time": "2024-11-23T06:43:35.560Z", "user": 1, "content_type": 9, "object_id": "6", "object_repr": "test", "action_flag": 3, "change_message": ""}}, {"model": "admin.logentry", "pk": 78, "fields": {"action_time": "2024-11-23T09:51:08.141Z", "user": 1, "content_type": 8, "object_id": "1", "object_repr": "TU Folksong", "action_flag": 1, "change_message": "[{\"added\": {}}]"}}, {"model": "admin.logentry", "pk": 79, "fields": {"action_time": "2024-11-23T09:59:26.740Z", "user": 1, "content_type": 8, "object_id": "1", "object_repr": "TU Folksong", "action_flag": 2, "change_message": "[]"}}, {"model": "admin.logentry", "pk": 80, "fields": {"action_time": "2024-11-23T10:27:01.747Z", "user": 1, "content_type": 8, "object_id": "2", "object_repr": "TSE Ambassador", "action_flag": 1, "change_message": "[{\"added\": {}}]"}}, {"model": "admin.logentry", "pk": 81, "fields": {"action_time": "2024-11-23T13:50:19.513Z", "user": 1, "content_type": 8, "object_id": "2", "object_repr": "TSE Ambassador", "action_flag": 2, "change_message": "[{\"changed\": {\"fields\": [\"Description\"]}}]"}}, {"model": "admin.logentry", "pk": 82, "fields": {"action_time": "2024-11-23T14:16:09.871Z", "user": 1, "content_type": 8, "object_id": "2", "object_repr": "TSE Ambassador", "action_flag": 2, "change_message": "[]"}}, {"model": "admin.logentry", "pk": 83, "fields": {"action_time": "2024-11-28T21:17:00.397Z", "user": 1, "content_type": 7, "object_id": "4", "object_repr": "test", "action_flag": 1, "change_message": "[{\"added\": {}}]"}}, {"model": "admin.logentry", "pk": 84, "fields": {"action_time": "2024-11-28T21:17:32.203Z", "user": 1, "content_type": 7, "object_id": "4", "object_repr": "test", "action_flag": 2, "change_message": "[{\"changed\": {\"fields\": [\"Image\"]}}]"}}, {"model": "admin.logentry", "pk": 85, "fields": {"action_time": "2024-11-28T21:19:40.459Z", "user": 1, "content_type": 7, "object_id": "5", "object_repr": "test2", "action_flag": 1, "change_message": "[{\"added\": {}}]"}}, {"model": "admin.logentry", "pk": 86, "fields": {"action_time": "2024-11-29T05:47:32.256Z", "user": 1, "content_type": 4, "object_id": "4", "object_repr": "tu_folksong", "action_flag": 2, "change_message": "[{\"changed\": {\"fields\": [\"password\"]}}]"}}, {"model": "admin.logentry", "pk": 87, "fields": {"action_time": "2024-11-29T11:49:07.294Z", "user": 1, "content_type": 8, "object_id": "3", "object_repr": "test", "action_flag": 1, "change_message": "[{\"added\": {}}]"}}, {"model": "admin.logentry", "pk": 88, "fields": {"action_time": "2024-11-29T12:06:22.116Z", "user": 1, "content_type": 8, "object_id": "4", "object_repr": "test2", "action_flag": 1, "change_message": "[{\"added\": {}}]"}}, {"model": "admin.logentry", "pk": 89, "fields": {"action_time": "2024-11-29T13:01:04.220Z", "user": 1, "content_type": 4, "object_id": "9", "object_repr": "66018888888", "action_flag": 1, "change_message": "[{\"added\": {}}]"}}, {"model": "admin.logentry", "pk": 90, "fields": {"action_time": "2024-11-29T13:01:33.701Z", "user": 1, "content_type": 4, "object_id": "9", "object_repr": "6601888888", "action_flag": 2, "change_message": "[{\"changed\": {\"fields\": [\"Username\"]}}]"}}, {"model": "admin.logentry", "pk": 91, "fields": {"action_time": "2024-11-29T13:02:40.984Z", "user": 1, "content_type": 11, "object_id": "6", "object_repr": "นิติ (6601888888)", "action_flag": 1, "change_message": "[{\"added\": {}}]"}}, {"model": "admin.logentry", "pk": 92, "fields": {"action_time": "2024-11-30T02:21:15.703Z", "user": 1, "content_type": 11, "object_id": "2", "object_repr": "TU Folksong (None)", "action_flag": 2, "change_message": "[{\"changed\": {\"fields\": [\"Club\"]}}]"}}, {"model": "admin.logentry", "pk": 93, "fields": {"action_time": "2024-11-30T02:23:44.194Z", "user": 1, "content_type": 11, "object_id": "2", "object_repr": "tu_folksong)", "action_flag": 2, "change_message": "[{\"changed\": {\"fields\": [\"Club\"]}}]"}}, {"model": "admin.logentry", "pk": 94, "fields": {"action_time": "2024-11-30T02:24:11.549Z", "user": 1, "content_type": 11, "object_id": "2", "object_repr": "tu_folksong", "action_flag": 2, "change_message": "[{\"changed\": {\"fields\": [\"Club\"]}}]"}}, {"model": "admin.logentry", "pk": 95, "fields": {"action_time": "2024-11-30T04:17:36.949Z", "user": 1, "content_type": 11, "object_id": "4", "object_repr": "6610685353", "action_flag": 2, "change_message": "[{\"changed\": {\"fields\": [\"Club\"]}}]"}}, {"model": "admin.logentry", "pk": 96, "fields": {"action_time": "2024-11-30T06:45:57.484Z", "user": 1, "content_type": 7, "object_id": "9", "object_repr": "testalert1", "action_flag": 1, "change_message": "[{\"added\": {}}]"}}, {"model": "admin.logentry", "pk": 97, "fields": {"action_time": "2024-11-30T08:10:29.508Z", "user": 1, "content_type": 7, "object_id": "10", "object_repr": "หนหนห", "action_flag": 1, "change_message": "[{\"added\": {}}]"}}, {"model": "admin.logentry", "pk": 98, "fields": {"action_time": "2024-11-30T08:36:30.411Z", "user": 1, "content_type": 7, "object_id": "12", "object_repr": "testisissiisisis", "action_flag": 1, "change_message": "[{\"added\": {}}]"}}, {"model": "admin.logentry", "pk": 99, "fields": {"action_time": "2024-11-30T08:52:13.866Z", "user": 1, "content_type": 7, "object_id": "6", "object_repr": "test", "action_flag": 2, "change_message": "[{\"changed\": {\"fields\": [\"Club\"]}}]"}}, {"model": "admin.logentry", "pk": 100, "fields": {"action_time": "2024-11-30T08:52:21.095Z", "user": 1, "content_type": 7, "object_id": "7", "object_repr": "test2", "action_flag": 2, "change_message": "[{\"changed\": {\"fields\": [\"Club\"]}}]"}}, {"model": "admin.logentry", "pk": 101, "fields": {"action_time": "2024-11-30T08:52:30.586Z", "user": 1, "content_type": 7, "object_id": "8", "object_repr": "test3", "action_flag": 2, "change_message": "[{\"changed\": {\"fields\": [\"Club\"]}}]"}}, {"model": "admin.logentry", "pk": 102, "fields": {"action_time": "2024-11-30T11:19:14.702Z", "user": 1, "content_type": 7, "object_id": "17", "object_repr": "lasdl", "action_flag": 3, "change_message": ""}}, {"model": "admin.logentry", "pk": 103, "fields": {"action_time": "2024-11-30T11:19:14.703Z", "user": 1, "content_type": 7, "object_id": "16", "object_repr": "aksx", "action_flag": 3, "change_message": ""}}, {"model": "admin.logentry", "pk": 104, "fields": {"action_time": "2024-11-30T11:19:14.703Z", "user": 1, "content_type": 7, "object_id": "15", "object_repr": "aksx", "action_flag": 3, "change_message": ""}}, {"model": "admin.logentry", "pk": 105, "fields": {"action_time": "2024-11-30T11:19:14.703Z", "user": 1, "content_type": 7, "object_id": "14", "object_repr": "aksx", "action_flag": 3, "change_message": ""}}, {"model": "admin.logentry", "pk": 106, "fields": {"action_time": "2024-11-30T11:19:14.703Z", "user": 1, "content_type": 7, "object_id": "13", "object_repr": "น", "action_flag": 3, "change_message": ""}}, {"model": "admin.logentry", "pk": 107, "fields": {"action_time": "2024-11-30T11:19:14.703Z", "user": 1, "content_type": 7, "object_id": "12", "object_repr": "testisissiisisis", "action_flag": 3, "change_message": ""}}, {"model": "admin.logentry", "pk": 108, "fields": {"action_time": "2024-11-30T11:19:14.703Z", "user": 1, "content_type": 7, "object_id": "11", "object_repr": "test", "action_flag": 3, "change_message": ""}}, {"model": "admin.logentry", "pk": 109, "fields": {"action_time": "2024-11-30T14:16:32.101Z", "user": 1, "content_type": 8, "object_id": "1", "object_repr": "TU Folksong", "action_flag": 2, "change_message": "[{\"changed\": {\"fields\": [\"Enable to join\"]}}]"}}, {"model": "admin.logentry", "pk": 110, "fields": {"action_time": "2024-11-30T14:17:08.910Z", "user": 1, "content_type": 8, "object_id": "1", "object_repr": "TU Folksong", "action_flag": 2, "change_message": "[{\"changed\": {\"fields\": [\"Enable to join\"]}}]"}}, {"model": "admin.logentry", "pk": 111, "fields": {"action_time": "2024-11-30T14:19:46.762Z", "user": 1, "content_type": 8, "object_id": "1", "object_repr": "TU Folksong", "action_flag": 2, "change_message": "[{\"changed\": {\"fields\": [\"Enable to join\"]}}]"}}, {"model": "admin.logentry", "pk": 112, "fields": {"action_time": "2024-11-30T20:04:25.659Z", "user": 1, "content_type": 4, "object_id": "6", "object_repr": "tse_ambassador", "action_flag": 3, "change_message": ""}}, {"model": "admin.logentry", "pk": 113, "fields": {"action_time": "2024-11-30T20:04:25.659Z", "user": 1, "content_type": 4, "object_id": "4", "object_repr": "tu_folksong", "action_flag": 3, "change_message": ""}}, {"model": "admin.logentry", "pk": 114, "fields": {"action_time": "2024-11-30T20:05:08.099Z", "user": 1, "content_type": 8, "object_id": "4", "object_repr": "test2", "action_flag": 3, "change_message": ""}}, {"model": "admin.logentry", "pk": 115, "fields": {"action_time": "2024-11-30T20:05:08.099Z", "user": 1, "content_type": 8, "object_id": "3", "object_repr": "test", "action_flag": 3, "change_message": ""}}, {"model": "admin.logentry", "pk": 116, "fields": {"action_time": "2024-11-30T20:06:15.412Z", "user": 1, "content_type": 7, "object_id": "21", "object_repr": "test", "action_flag": 3, "change_message": ""}}, {"model": "admin.logentry", "pk": 117, "fields": {"action_time": "2024-11-30T20:06:15.412Z", "user": 1, "content_type": 7, "object_id": "8", "object_repr": "test3", "action_flag": 3, "change_message": ""}}, {"model": "admin.logentry", "pk": 118, "fields": {"action_time": "2024-11-30T20:06:15.412Z", "user": 1, "content_type": 7, "object_id": "7", "object_repr": "test2", "action_flag": 3, "change_message": ""}}, {"model": "admin.logentry", "pk": 119, "fields": {"action_time": "2024-11-30T20:06:15.412Z", "user": 1, "content_type": 7, "object_id": "5", "object_repr": "test2", "action_flag": 3, "change_message": ""}}, {"model": "admin.logentry", "pk": 120, "fields": {"action_time": "2024-11-30T20:06:15.412Z", "user": 1, "content_type": 7, "object_id": "4", "object_repr": "test", "action_flag": 3, "change_message": ""}}, {"model": "admin.logentry", "pk": 121, "fields": {"action_time": "2024-12-02T07:47:11.752Z", "user": 1, "content_type": 11, "object_id": "1", "object_repr": "6610625011", "action_flag": 2, "change_message": "[{\"changed\": {\"fields\": [\"Name\"]}}]"}}, {"model": "admin.logentry", "pk": 122, "fields": {"action_time": "2024-12-02T07:47:21.146Z", "user": 1, "content_type": 11, "object_id": "1", "object_repr": "6610625011", "action_flag": 2, "change_message": "[{\"changed\": {\"fields\": [\"Name\"]}}]"}}, {"model": "admin.logentry", "pk": 123, "fields": {"action_time": "2024-12-02T07:47:59.471Z", "user": 1, "content_type": 4, "object_id": "10", "object_repr": "6610612084", "action_flag": 1, "change_message": "[{\"added\": {}}]"}}, {"model": "admin.logentry", "pk": 124, "fields": {"action_time": "2024-12-02T07:48:17.710Z", "user": 1, "content_type": 4, "object_id": "11", "object_repr": "6610625052", "action_flag": 1, "change_message": "[{\"added\": {}}]"}}, {"model": "admin.logentry", "pk": 125, "fields": {"action_time": "2024-12-02T07:49:09.250Z", "user": 1, "content_type": 4, "object_id": "12", "object_repr": "6609680100", "action_flag": 1, "change_message": "[{\"added\": {}}]"}}, {"model": "admin.logentry", "pk": 126, "fields": {"action_time": "2024-12-02T07:49:47.727Z", "user": 1, "content_type": 11, "object_id": "7", "object_repr": "6609680100", "action_flag": 1, "change_message": "[{\"added\": {}}]"}}, {"model": "admin.logentry", "pk": 127, "fields": {"action_time": "2024-12-02T07:50:33.303Z", "user": 1, "content_type": 11, "object_id": "8", "object_repr": "6610612084", "action_flag": 1, "change_message": "[{\"added\": {}}]"}}, {"model": "admin.logentry", "pk": 128, "fields": {"action_time": "2024-12-02T07:51:07.873Z", "user": 1, "content_type": 11, "object_id": "9", "object_repr": "6610625052", "action_flag": 1, "change_message": "[{\"added\": {}}]"}}, {"model": "admin.logentry", "pk": 129, "fields": {"action_time": "2024-12-02T07:52:40.208Z", "user": 1, "content_type": 11, "object_id": "1", "object_repr": "6610625011", "action_flag": 2, "change_message": "[{\"changed\": {\"fields\": [\"Email\"]}}]"}}, {"model": "admin.logentry", "pk": 130, "fields": {"action_time": "2024-12-02T07:53:56.515Z", "user": 1, "content_type": 4, "object_id": "13", "object_repr": "6609680019", "action_flag": 1, "change_message": "[{\"added\": {}}]"}}, {"model": "admin.logentry", "pk": 131, "fields": {"action_time": "2024-12-02T07:55:09.462Z", "user": 1, "content_type": 4, "object_id": "14", "object_repr": "6702610335", "action_flag": 1, "change_message": "[{\"added\": {}}]"}}, {"model": "admin.logentry", "pk": 132, "fields": {"action_time": "2024-12-02T07:55:39.944Z", "user": 1, "content_type": 4, "object_id": "15", "object_repr": "6702610590", "action_flag": 1, "change_message": "[{\"added\": {}}]"}}, {"model": "admin.logentry", "pk": 133, "fields": {"action_time": "2024-12-02T07:57:08.843Z", "user": 1, "content_type": 11, "object_id": "10", "object_repr": "6702610335", "action_flag": 1, "change_message": "[{\"added\": {}}]"}}, {"model": "admin.logentry", "pk": 134, "fields": {"action_time": "2024-12-02T09:00:05.206Z", "user": 1, "content_type": 11, "object_id": "10", "object_repr": "6702610335", "action_flag": 2, "change_message": "[]"}}, {"model": "admin.logentry", "pk": 135, "fields": {"action_time": "2024-12-02T09:11:19.417Z", "user": 1, "content_type": 11, "object_id": "6", "object_repr": "6601888888", "action_flag": 3, "change_message": ""}}, {"model": "admin.logentry", "pk": 136, "fields": {"action_time": "2024-12-02T09:11:19.426Z", "user": 1, "content_type": 11, "object_id": "5", "object_repr": "6610688888", "action_flag": 3, "change_message": ""}}, {"model": "admin.logentry", "pk": 137, "fields": {"action_time": "2024-12-03T07:40:54.833Z", "user": 1, "content_type": 7, "object_id": "26", "object_repr": "Folk to your souls", "action_flag": 1, "change_message": "[{\"added\": {}}]"}}, {"model": "admin.logentry", "pk": 138, "fields": {"action_time": "2024-12-03T07:41:24.814Z", "user": 1, "content_type": 7, "object_id": "10", "object_repr": "หนหนห", "action_flag": 3, "change_message": ""}}, {"model": "admin.logentry", "pk": 139, "fields": {"action_time": "2024-12-03T07:41:24.819Z", "user": 1, "content_type": 7, "object_id": "9", "object_repr": "testalert1", "action_flag": 3, "change_message": ""}}, {"model": "admin.logentry", "pk": 140, "fields": {"action_time": "2024-12-03T07:45:00.179Z", "user": 1, "content_type": 7, "object_id": "27", "object_repr": "Halloween Night of Change", "action_flag": 1, "change_message": "[{\"added\": {}}]"}}, {"model": "admin.logentry", "pk": 141, "fields": {"action_time": "2024-12-03T07:47:30.924Z", "user": 1, "content_type": 8, "object_id": "5", "object_repr": "Dometham", "action_flag": 1, "change_message": "[{\"added\": {}}]"}}, {"model": "admin.logentry", "pk": 142, "fields": {"action_time": "2024-12-03T07:47:34.291Z", "user": 1, "content_type": 7, "object_id": "28", "object_repr": "Inner Peace Sharing Camp", "action_flag": 1, "change_message": "[{\"added\": {}}]"}}, {"model": "admin.logentry", "pk": 143, "fields": {"action_time": "2024-12-03T07:50:26.014Z", "user": 1, "content_type": 8, "object_id": "5", "object_repr": "Dometham", "action_flag": 2, "change_message": "[{\"changed\": {\"fields\": [\"Description\"]}}]"}}, {"model": "admin.logentry", "pk": 144, "fields": {"action_time": "2024-12-03T07:55:26.670Z", "user": 1, "content_type": 7, "object_id": "29", "object_repr": "Happy Halloween Blood Party", "action_flag": 1, "change_message": "[{\"added\": {}}]"}}, {"model": "admin.logentry", "pk": 145, "fields": {"action_time": "2024-12-03T07:59:04.219Z", "user": 1, "content_type": 8, "object_id": "6", "object_repr": "TSE Basketball", "action_flag": 1, "change_message": "[{\"added\": {}}]"}}, {"model": "admin.logentry", "pk": 146, "fields": {"action_time": "2024-12-03T08:05:47.110Z", "user": 1, "content_type": 7, "object_id": "30", "object_repr": "ปิดช่องทางจราจร", "action_flag": 1, "change_message": "[{\"added\": {}}]"}}, {"model": "admin.logentry", "pk": 147, "fields": {"action_time": "2024-12-03T08:10:04.666Z", "user": 1, "content_type": 8, "object_id": "7", "object_repr": "Ju-Jitsu TU", "action_flag": 1, "change_message": "[{\"added\": {}}]"}}, {"model": "admin.logentry", "pk": 148, "fields": {"action_time": "2024-12-03T08:21:26.598Z", "user": 1, "content_type": 4, "object_id": "3", "object_repr": "6610625011", "action_flag": 3, "change_message": ""}}, {"model": "admin.logentry", "pk": 149, "fields": {"action_time": "2024-12-03T08:21:47.489Z", "user": 1, "content_type": 4, "object_id": "16", "object_repr": "6610625011", "action_flag": 1, "change_message": "[{\"added\": {}}]"}}, {"model": "admin.logentry", "pk": 150, "fields": {"action_time": "2024-12-03T08:22:15.782Z", "user": 1, "content_type": 11, "object_id": "11", "object_repr": "6610625011", "action_flag": 1, "change_message": "[{\"added\": {}}]"}}, {"model": "admin.logentry", "pk": 151, "fields": {"action_time": "2024-12-03T08:40:47.338Z", "user": 1, "content_type": 11, "object_id": "7", "object_repr": "6609680100", "action_flag": 2, "change_message": "[{\"changed\": {\"fields\": [\"Club\"]}}]"}}, {"model": "admin.logentry", "pk": 152, "fields": {"action_time": "2024-12-03T08:40:52.600Z", "user": 1, "content_type": 11, "object_id": "11", "object_repr": "6610625011", "action_flag": 2, "change_message": "[]"}}, {"model": "admin.logentry", "pk": 153, "fields": {"action_time": "2024-12-03T08:40:56.972Z", "user": 1, "content_type": 11, "object_id": "7", "object_repr": "6609680100", "action_flag": 2, "change_message": "[]"}}, {"model": "admin.logentry", "pk": 154, "fields": {"action_time": "2024-12-03T08:41:03.085Z", "user": 1, "content_type": 11, "object_id": "3", "object_repr": "6610685387", "action_flag": 2, "change_message": "[{\"changed\": {\"fields\": [\"Club\"]}}]"}}, {"model": "admin.logentry", "pk": 155, "fields": {"action_time": "2024-12-03T08:53:26.043Z", "user": 1, "content_type": 11, "object_id": "9", "object_repr": "6610625052", "action_flag": 2, "change_message": "[{\"changed\": {\"fields\": [\"Club\"]}}]"}}, {"model": "admin.logentry", "pk": 156, "fields": {"action_time": "2024-12-04T06:29:06.871Z", "user": 1, "content_type": 8, "object_id": "8", "object_repr": "Judo Thammasat", "action_flag": 1, "change_message": "[{\"added\": {}}]"}}, {"model": "admin.logentry", "pk": 157, "fields": {"action_time": "2024-12-04T06:30:26.455Z", "user": 1, "content_type": 11, "object_id": "8", "object_repr": "6610612084", "action_flag": 2, "change_message": "[{\"changed\": {\"fields\": [\"Club\"]}}]"}}, {"model": "admin.logentry", "pk": 158, "fields": {"action_time": "2024-12-04T06:40:21.881Z", "user": 1, "content_type": 4, "object_id": "17", "object_repr": "6604680147", "action_flag": 1, "change_message": "[{\"added\": {}}]"}}, {"model": "admin.logentry", "pk": 159, "fields": {"action_time": "2024-12-04T06:43:11.606Z", "user": 1, "content_type": 11, "object_id": "12", "object_repr": "6601680147", "action_flag": 1, "change_message": "[{\"added\": {}}]"}}, {"model": "admin.logentry", "pk": 160, "fields": {"action_time": "2024-12-04T06:43:54.827Z", "user": 1, "content_type": 4, "object_id": "18", "object_repr": "6615611198", "action_flag": 1, "change_message": "[{\"added\": {}}]"}}, {"model": "admin.logentry", "pk": 161, "fields": {"action_time": "2024-12-04T06:45:00.853Z", "user": 1, "content_type": 11, "object_id": "13", "object_repr": "6615611198", "action_flag": 1, "change_message": "[{\"added\": {}}]"}}, {"model": "admin.logentry", "pk": 162, "fields": {"action_time": "2024-12-04T06:45:45.544Z", "user": 1, "content_type": 4, "object_id": "19", "object_repr": "6601611060", "action_flag": 1, "change_message": "[{\"added\": {}}]"}}, {"model": "admin.logentry", "pk": 163, "fields": {"action_time": "2024-12-04T06:46:35.483Z", "user": 1, "content_type": 11, "object_id": "14", "object_repr": "6601611060", "action_flag": 1, "change_message": "[{\"added\": {}}]"}}, {"model": "admin.logentry", "pk": 164, "fields": {"action_time": "2024-12-04T06:47:38.981Z", "user": 1, "content_type": 8, "object_id": "9", "object_repr": "Law TU Band", "action_flag": 1, "change_message": "[{\"added\": {}}]"}}, {"model": "admin.logentry", "pk": 165, "fields": {"action_time": "2024-12-04T06:47:53.052Z", "user": 1, "content_type": 11, "object_id": "14", "object_repr": "6601611060", "action_flag": 2, "change_message": "[{\"changed\": {\"fields\": [\"Club\"]}}]"}}, {"model": "admin.logentry", "pk": 166, "fields": {"action_time": "2024-12-04T06:52:23.486Z", "user": 1, "content_type": 7, "object_id": "33", "object_repr": "LOY กับ LAW", "action_flag": 1, "change_message": "[{\"added\": {}}]"}}, {"model": "admin.logentry", "pk": 167, "fields": {"action_time": "2024-12-04T07:05:21.019Z", "user": 1, "content_type": 8, "object_id": "10", "object_repr": "TU Relations", "action_flag": 1, "change_message": "[{\"added\": {}}]"}}, {"model": "admin.logentry", "pk": 168, "fields": {"action_time": "2024-12-04T07:10:49.447Z", "user": 1, "content_type": 7, "object_id": "34", "object_repr": "สหภาพคนหอนอก", "action_flag": 1, "change_message": "[{\"added\": {}}]"}}, {"model": "admin.logentry", "pk": 169, "fields": {"action_time": "2024-12-04T07:13:14.160Z", "user": 1, "content_type": 7, "object_id": "35", "object_repr": "ใส่ไปรเวทชิล ๆ ไปสอบ", "action_flag": 1, "change_message": "[{\"added\": {}}]"}}, {"model": "admin.logentry", "pk": 170, "fields": {"action_time": "2024-12-04T07:14:02.811Z", "user": 1, "content_type": 7, "object_id": "35", "object_repr": "ใส่ไปรเวทชิล ๆ ไปสอบ", "action_flag": 2, "change_message": "[{\"changed\": {\"fields\": [\"Image\"]}}]"}}, {"model": "admin.logentry", "pk": 171, "fields": {"action_time": "2024-12-04T07:22:18.002Z", "user": 1, "content_type": 8, "object_id": "11", "object_repr": "KNAHS", "action_flag": 1, "change_message": "[{\"added\": {}}]"}}, {"model": "admin.logentry", "pk": 172, "fields": {"action_time": "2024-12-04T07:24:32.094Z", "user": 1, "content_type": 7, "object_id": "36", "object_repr": "I can see your future", "action_flag": 1, "change_message": "[{\"added\": {}}]"}}, {"model": "admin.logentry", "pk": 173, "fields": {"action_time": "2024-12-04T07:25:20.568Z", "user": 1, "content_type": 4, "object_id": "20", "object_repr": "6512681469", "action_flag": 1, "change_message": "[{\"added\": {}}]"}}, {"model": "admin.logentry", "pk": 174, "fields": {"action_time": "2024-12-04T07:26:08.230Z", "user": 1, "content_type": 11, "object_id": "15", "object_repr": "6512681469", "action_flag": 1, "change_message": "[{\"added\": {}}]"}}, {"model": "admin.logentry", "pk": 175, "fields": {"action_time": "2024-12-04T07:26:21.736Z", "user": 1, "content_type": 7, "object_id": "36", "object_repr": "I can see your future", "action_flag": 2, "change_message": "[{\"changed\": {\"fields\": [\"Student\"]}}]"}}, {"model": "admin.logentry", "pk": 176, "fields": {"action_time": "2024-12-04T07:28:31.180Z", "user": 1, "content_type": 7, "object_id": "37", "object_repr": "Reading Room", "action_flag": 1, "change_message": "[{\"added\": {}}]"}}, {"model": "admin.logentry", "pk": 177, "fields": {"action_time": "2024-12-04T07:28:45.265Z", "user": 1, "content_type": 7, "object_id": "37", "object_repr": "Reading Room", "action_flag": 2, "change_message": "[]"}}, {"model": "admin.logentry", "pk": 178, "fields": {"action_time": "2024-12-04T07:32:00.276Z", "user": 1, "content_type": 7, "object_id": "38", "object_repr": "Christmas Prelude", "action_flag": 1, "change_message": "[{\"added\": {}}]"}}, {"model": "admin.logentry", "pk": 179, "fields": {"action_time": "2024-12-04T07:33:17.910Z", "user": 1, "content_type": 8, "object_id": "12", "object_repr": "TU Christian", "action_flag": 1, "change_message": "[{\"added\": {}}]"}}, {"model": "admin.logentry", "pk": 180, "fields": {"action_time": "2024-12-04T07:33:31.576Z", "user": 1, "content_type": 7, "object_id": "38", "object_repr": "Christmas Prelude", "action_flag": 2, "change_message": "[{\"changed\": {\"fields\": [\"Club\"]}}]"}}, {"model": "admin.logentry", "pk": 181, "fields": {"action_time": "2024-12-04T07:34:09.233Z", "user": 1, "content_type": 4, "object_id": "21", "object_repr": "6611680123", "action_flag": 1, "change_message": "[{\"added\": {}}]"}}, {"model": "admin.logentry", "pk": 182, "fields": {"action_time": "2024-12-04T07:35:03.301Z", "user": 1, "content_type": 11, "object_id": "16", "object_repr": "6611680123", "action_flag": 1, "change_message": "[{\"added\": {}}]"}}, {"model": "admin.logentry", "pk": 183, "fields": {"action_time": "2024-12-04T07:35:43.525Z", "user": 1, "content_type": 7, "object_id": "33", "object_repr": "LOY กับ LAW", "action_flag": 2, "change_message": "[{\"changed\": {\"fields\": [\"Categories\"]}}]"}}, {"model": "admin.logentry", "pk": 184, "fields": {"action_time": "2024-12-04T07:35:54.891Z", "user": 1, "content_type": 7, "object_id": "32", "object_repr": "ทักษะยูโดเบื้องต้น", "action_flag": 2, "change_message": "[{\"changed\": {\"fields\": [\"Categories\"]}}]"}}, {"model": "admin.logentry", "pk": 185, "fields": {"action_time": "2024-12-04T07:36:04.246Z", "user": 1, "content_type": 7, "object_id": "38", "object_repr": "Christmas Prelude", "action_flag": 2, "change_message": "[{\"changed\": {\"fields\": [\"Student\"]}}]"}}, {"model": "admin.logentry", "pk": 186, "fields": {"action_time": "2024-12-04T07:38:23.154Z", "user": 1, "content_type": 7, "object_id": "38", "object_repr": "Christmas Prelude", "action_flag": 2, "change_message": "[]"}}, {"model": "admin.logentry", "pk": 187, "fields": {"action_time": "2024-12-04T09:48:20.448Z", "user": 1, "content_type": 7, "object_id": "40", "object_repr": "่", "action_flag": 1, "change_message": "[{\"added\": {}}]"}}, {"model": "admin.logentry", "pk": 188, "fields": {"action_time": "2024-12-04T09:50:47.525Z", "user": 1, "content_type": 7, "object_id": "26", "object_repr": "Folk to your souls", "action_flag": 2, "change_message": "[{\"changed\": {\"fields\": [\"Categories\"]}}]"}}, {"model": "admin.logentry", "pk": 189, "fields": {"action_time": "2024-12-04T10:03:15.389Z", "user": 1, "content_type": 7, "object_id": "40", "object_repr": "่", "action_flag": 3, "change_message": ""}}, {"model": "admin.logentry", "pk": 190, "fields": {"action_time": "2024-12-04T10:03:15.389Z", "user": 1, "content_type": 7, "object_id": "39", "object_repr": "ฟ", "action_flag": 3, "change_message": ""}}, {"model": "admin.logentry", "pk": 191, "fields": {"action_time": "2024-12-04T10:18:50.165Z", "user": 1, "content_type": 7, "object_id": "35", "object_repr": "ใส่ไปรเวทชิล ๆ ไปสอบ", "action_flag": 3, "change_message": ""}}, {"model": "admin.logentry", "pk": 192, "fields": {"action_time": "2024-12-04T10:50:25.587Z", "user": 1, "content_type": 9, "object_id": "9", "object_repr": "test", "action_flag": 3, "change_message": ""}}, {"model": "admin.logentry", "pk": 193, "fields": {"action_time": "2024-12-04T10:53:51.972Z", "user": 1, "content_type": 11, "object_id": "17", "object_repr": "6601888888", "action_flag": 1, "change_message": "[{\"added\": {}}]"}}, {"model": "admin.logentry", "pk": 194, "fields": {"action_time": "2024-12-06T06:07:04.656Z", "user": 1, "content_type": 7, "object_id": "26", "object_repr": "Folk to your souls", "action_flag": 2, "change_message": "[]"}}, {"model": "admin.logentry", "pk": 195, "fields": {"action_time": "2024-12-06T06:10:41.762Z", "user": 1, "content_type": 7, "object_id": "41", "object_repr": "ระวังตัว", "action_flag": 1, "change_message": "[{\"added\": {}}]"}}, {"model": "admin.logentry", "pk": 196, "fields": {"action_time": "2024-12-06T06:13:16.518Z", "user": 1, "content_type": 7, "object_id": "41", "object_repr": "ระวังตัว", "action_flag": 2, "change_message": "[{\"changed\": {\"fields\": [\"Image\", \"Start date\"]}}]"}}, {"model": "admin.logentry", "pk": 197, "fields": {"action_time": "2024-12-06T06:14:30.441Z", "user": 1, "content_type": 7, "object_id": "41", "object_repr": "ระวังตัว", "action_flag": 2, "change_message": "[{\"changed\": {\"fields\": [\"Image\"]}}]"}}, {"model": "admin.logentry", "pk": 198, "fields": {"action_time": "2024-12-06T06:46:52.592Z", "user": 1, "content_type": 7, "object_id": "42", "object_repr": "สลากกาชาดธรรมศาสตร์", "action_flag": 1, "change_message": "[{\"added\": {}}]"}}, {"model": "admin.logentry", "pk": 199, "fields": {"action_time": "2024-12-06T06:49:50.282Z", "user": 1, "content_type": 8, "object_id": "13", "object_repr": "TUBball", "action_flag": 1, "change_message": "[{\"added\": {}}]"}}, {"model": "admin.logentry", "pk": 200, "fields": {"action_time": "2024-12-06T06:52:33.318Z", "user": 1, "content_type": 8, "object_id": "14", "object_repr": "RCATU", "action_flag": 1, "change_message": "[{\"added\": {}}]"}}, {"model": "admin.logentry", "pk": 201, "fields": {"action_time": "2024-12-06T06:54:32.657Z", "user": 1, "content_type": 7, "object_id": "43", "object_repr": "แต่งหน้าตามสีมงคล", "action_flag": 1, "change_message": "[{\"added\": {}}]"}}, {"model": "admin.logentry", "pk": 202, "fields": {"action_time": "2024-12-06T06:56:11.351Z", "user": 1, "content_type": 8, "object_id": "15", "object_repr": "ENGRRCA", "action_flag": 1, "change_message": "[{\"added\": {}}]"}}, {"model": "admin.logentry", "pk": 203, "fields": {"action_time": "2024-12-06T06:59:53.031Z", "user": 1, "content_type": 7, "object_id": "44", "object_repr": "Sunflower Festival 2", "action_flag": 1, "change_message": "[{\"added\": {}}]"}}, {"model": "admin.logentry", "pk": 204, "fields": {"action_time": "2024-12-06T07:03:18.890Z", "user": 1, "content_type": 7, "object_id": "45", "object_repr": "Mediaverse", "action_flag": 1, "change_message": "[{\"added\": {}}]"}}, {"model": "admin.logentry", "pk": 205, "fields": {"action_time": "2024-12-06T07:05:05.679Z", "user": 1, "content_type": 8, "object_id": "16", "object_repr": "TSE International Affairs", "action_flag": 1, "change_message": "[{\"added\": {}}]"}}, {"model": "admin.logentry", "pk": 206, "fields": {"action_time": "2024-12-06T07:07:24.242Z", "user": 1, "content_type": 7, "object_id": "46", "object_repr": "Call for applications", "action_flag": 1, "change_message": "[{\"added\": {}}]"}}, {"model": "admin.logentry", "pk": 207, "fields": {"action_time": "2024-12-06T07:07:45.014Z", "user": 1, "content_type": 7, "object_id": "42", "object_repr": "สลากกาชาดธรรมศาสตร์", "action_flag": 2, "change_message": "[{\"changed\": {\"fields\": [\"Categories\"]}}]"}}, {"model": "admin.logentry", "pk": 208, "fields": {"action_time": "2024-12-06T07:09:18.347Z", "user": 1, "content_type": 8, "object_id": "17", "object_repr": "Engrcamp TU", "action_flag": 1, "change_message": "[{\"added\": {}}]"}}, {"model": "admin.logentry", "pk": 209, "fields": {"action_time": "2024-12-06T07:10:39.586Z", "user": 1, "content_type": 7, "object_id": "47", "object_repr": "สัมมนาสมาชิกค่าย", "action_flag": 1, "change_message": "[{\"added\": {}}]"}}, {"model": "admin.logentry", "pk": 210, "fields": {"action_time": "2024-12-06T07:10:49.379Z", "user": 1, "content_type": 7, "object_id": "47", "object_repr": "สัมมนาสมาชิกค่าย", "action_flag": 2, "change_message": "[{\"changed\": {\"fields\": [\"Image\"]}}]"}}, {"model": "admin.logentry", "pk": 211, "fields": {"action_time": "2024-12-06T07:15:21.427Z", "user": 1, "content_type": 8, "object_id": "18", "object_repr": "TU Photo", "action_flag": 1, "change_message": "[{\"added\": {}}]"}}, {"model": "admin.logentry", "pk": 212, "fields": {"action_time": "2024-12-06T07:15:23.477Z", "user": 1, "content_type": 7, "object_id": "48", "object_repr": "รับสมัคร TU PHOTO CAMP", "action_flag": 1, "change_message": "[{\"added\": {}}]"}}, {"model": "admin.logentry", "pk": 213, "fields": {"action_time": "2024-12-06T07:15:42.879Z", "user": 1, "content_type": 8, "object_id": "18", "object_repr": "TU Photo", "action_flag": 2, "change_message": "[{\"changed\": {\"fields\": [\"Description\"]}}]"}}, {"model": "admin.logentry", "pk": 214, "fields": {"action_time": "2024-12-06T07:15:52.645Z", "user": 1, "content_type": 7, "object_id": "48", "object_repr": "รับสมัคร TU PHOTO CAMP", "action_flag": 2, "change_message": "[]"}}, {"model": "admin.logentry", "pk": 215, "fields": {"action_time": "2024-12-06T07:16:17.455Z", "user": 1, "content_type": 7, "object_id": "48", "object_repr": "รับสมัคร TU PHOTO CAMP", "action_flag": 2, "change_message": "[{\"changed\": {\"fields\": [\"Place\"]}}]"}}, {"model": "admin.logentry", "pk": 216, "fields": {"action_time": "2024-12-06T07:18:57.131Z", "user": 1, "content_type": 8, "object_id": "19", "object_repr": "TBS Basketball Club", "action_flag": 1, "change_message": "[{\"added\": {}}]"}}, {"model": "admin.logentry", "pk": 217, "fields": {"action_time": "2024-12-06T07:20:52.493Z", "user": 1, "content_type": 7, "object_id": "49", "object_repr": "TBS basketball club jersey", "action_flag": 1, "change_message": "[{\"added\": {}}]"}}, {"model": "admin.logentry", "pk": 218, "fields": {"action_time": "2024-12-06T07:23:31.181Z", "user": 1, "content_type": 8, "object_id": "20", "object_repr": "LawTUFC", "action_flag": 1, "change_message": "[{\"added\": {}}]"}}, {"model": "admin.logentry", "pk": 219, "fields": {"action_time": "2024-12-06T07:24:50.863Z", "user": 1, "content_type": 7, "object_id": "50", "object_repr": "Pre-Order เสื้อ LawTUFC", "action_flag": 1, "change_message": "[{\"added\": {}}]"}}, {"model": "admin.logentry", "pk": 220, "fields": {"action_time": "2024-12-06T07:28:38.033Z", "user": 1, "content_type": 7, "object_id": "51", "object_repr": "จัดรถบริการรับ-ส่ง", "action_flag": 1, "change_message": "[{\"added\": {}}]"}}, {"model": "admin.logentry", "pk": 221, "fields": {"action_time": "2024-12-06T07:29:47.373Z", "user": 1, "content_type": 7, "object_id": "51", "object_repr": "จัดรถบริการรับ-ส่ง", "action_flag": 2, "change_message": "[{\"changed\": {\"fields\": [\"Image\"]}}]"}}, {"model": "admin.logentry", "pk": 222, "fields": {"action_time": "2024-12-06T07:31:52.330Z", "user": 1, "content_type": 7, "object_id": "52", "object_repr": "กิจกรรมมาแจกขนมและนม", "action_flag": 1, "change_message": "[{\"added\": {}}]"}}, {"model": "admin.logentry", "pk": 223, "fields": {"action_time": "2024-12-06T07:35:16.074Z", "user": 1, "content_type": 7, "object_id": "53", "object_repr": "กองทัพต้องเดินด้วยท้อง", "action_flag": 1, "change_message": "[{\"added\": {}}]"}}, {"model": "admin.logentry", "pk": 224, "fields": {"action_time": "2024-12-06T07:35:38.933Z", "user": 1, "content_type": 7, "object_id": "28", "object_repr": "Inner Peace Sharing Camp", "action_flag": 2, "change_message": "[{\"changed\": {\"fields\": [\"Categories\"]}}]"}}, {"model": "admin.logentry", "pk": 225, "fields": {"action_time": "2024-12-06T07:35:47.323Z", "user": 1, "content_type": 7, "object_id": "46", "object_repr": "Call for applications", "action_flag": 2, "change_message": "[{\"changed\": {\"fields\": [\"Categories\"]}}]"}}, {"model": "admin.logentry", "pk": 226, "fields": {"action_time": "2024-12-06T07:38:14.589Z", "user": 1, "content_type": 7, "object_id": "54", "object_repr": "ตักบาตรประจำสัปดาห์", "action_flag": 1, "change_message": "[{\"added\": {}}]"}}, {"model": "admin.logentry", "pk": 227, "fields": {"action_time": "2024-12-06T07:42:27.040Z", "user": 1, "content_type": 8, "object_id": "21", "object_repr": "TU Archery Club", "action_flag": 1, "change_message": "[{\"added\": {}}]"}}, {"model": "admin.logentry", "pk": 228, "fields": {"action_time": "2024-12-06T07:42:28.506Z", "user": 1, "content_type": 7, "object_id": "55", "object_repr": "รับสมัครนักกีฬายิงธนู", "action_flag": 1, "change_message": "[{\"added\": {}}]"}}, {"model": "admin.logentry", "pk": 229, "fields": {"action_time": "2024-12-06T07:43:47.277Z", "user": 1, "content_type": 8, "object_id": "21", "object_repr": "TU Archery Club", "action_flag": 2, "change_message": "[{\"changed\": {\"fields\": [\"Image\", \"Description\"]}}]"}}, {"model": "admin.logentry", "pk": 230, "fields": {"action_time": "2024-12-10T05:49:12.639Z", "user": 1, "content_type": 4, "object_id": "22", "object_repr": "6610612066", "action_flag": 1, "change_message": "[{\"added\": {}}]"}}, {"model": "admin.logentry", "pk": 231, "fields": {"action_time": "2024-12-10T05:50:03.959Z", "user": 1, "content_type": 11, "object_id": "18", "object_repr": "6610612066", "action_flag": 1, "change_message": "[{\"added\": {}}]"}}, {"model": "admin.logentry", "pk": 232, "fields": {"action_time": "2024-12-10T08:14:44.176Z", "user": 1, "content_type": 7, "object_id": "45", "object_repr": "Mediaverse", "action_flag": 2, "change_message": "[{\"changed\": {\"fields\": [\"Place\"]}}]"}}, {"model": "admin.logentry", "pk": 233, "fields": {"action_time": "2024-12-10T08:15:42.837Z", "user": 1, "content_type": 7, "object_id": "44", "object_repr": "Sunflower Festival 2", "action_flag": 2, "change_message": "[{\"changed\": {\"fields\": [\"Categories\"]}}]"}}, {"model": "admin.logentry", "pk": 234, "fields": {"action_time": "2024-12-10T08:16:13.958Z", "user": 1, "content_type": 7, "object_id": "42", "object_repr": "สลากกาชาดธรรมศาสตร์", "action_flag": 2, "change_message": "[{\"changed\": {\"fields\": [\"Categories\"]}}]"}}, {"model": "admin.logentry", "pk": 235, "fields": {"action_time": "2024-12-10T08:17:00.976Z", "user": 1, "content_type": 7, "object_id": "33", "object_repr": "LOY กับ LAW", "action_flag": 2, "change_message": "[{\"changed\": {\"fields\": [\"Categories\"]}}]"}}, {"model": "admin.logentry", "pk": 236, "fields": {"action_time": "2024-12-10T08:17:29.959Z", "user": 1, "content_type": 7, "object_id": "32", "object_repr": "ทักษะยูโดเบื้องต้น", "action_flag": 2, "change_message": "[{\"changed\": {\"fields\": [\"Categories\"]}}]"}}, {"model": "admin.logentry", "pk": 237, "fields": {"action_time": "2024-12-13T12:10:51.937Z", "user": 1, "content_type": 11, "object_id": "17", "object_repr": "6601888888", "action_flag": 2, "change_message": "[{\"changed\": {\"fields\": [\"Email\", \"Name\", \"Student id\"]}}]"}}, {"model": "auth.permission", "pk": 1, "fields": {"name": "Can add log entry", "content_type": 1, "codename": "add_logentry"}}, {"model": "auth.permission", "pk": 2, "fields": {"name": "Can change log entry", "content_type": 1, "codename": "change_logentry"}}, {"model": "auth.permission", "pk": 3, "fields": {"name": "Can delete log entry", "content_type": 1, "codename": "delete_logentry"}}, {"model": "auth.permission", "pk": 4, "fields": {"name": "Can view log entry", "content_type": 1, "codename": "view_logentry"}}, {"model": "auth.permission", "pk": 5, "fields": {"name": "Can add permission", "content_type": 2, "codename": "add_permission"}}, {"model": "auth.permission", "pk": 6, "fields": {"name": "Can change permission", "content_type": 2, "codename": "change_permission"}}, {"model": "auth.permission", "pk": 7, "fields": {"name": "Can delete permission", "content_type": 2, "codename": "delete_permission"}}, {"model": "auth.permission", "pk": 8, "fields": {"name": "Can view permission", "content_type": 2, "codename": "view_permission"}}, {"model": "auth.permission", "pk": 9, "fields": {"name": "Can add group", "content_type": 3, "codename": "add_group"}}, {"model": "auth.permission", "pk": 10, "fields": {"name": "Can change group", "content_type": 3, "codename": "change_group"}}, {"model": "auth.permission", "pk": 11, "fields": {"name": "Can delete group", "content_type": 3, "codename": "delete_group"}}, {"model": "auth.permission", "pk": 12, "fields": {"name": "Can view group", "content_type": 3, "codename": "view_group"}}, {"model": "auth.permission", "pk": 13, "fields": {"name": "Can add user", "content_type": 4, "codename": "add_user"}}, {"model": "auth.permission", "pk": 14, "fields": {"name": "Can change user", "content_type": 4, "codename": "change_user"}}, {"model": "auth.permission", "pk": 15, "fields": {"name": "Can delete user", "content_type": 4, "codename": "delete_user"}}, {"model": "auth.permission", "pk": 16, "fields": {"name": "Can view user", "content_type": 4, "codename": "view_user"}}, {"model": "auth.permission", "pk": 17, "fields": {"name": "Can add content type", "content_type": 5, "codename": "add_contenttype"}}, {"model": "auth.permission", "pk": 18, "fields": {"name": "Can change content type", "content_type": 5, "codename": "change_contenttype"}}, {"model": "auth.permission", "pk": 19, "fields": {"name": "Can delete content type", "content_type": 5, "codename": "delete_contenttype"}}, {"model": "auth.permission", "pk": 20, "fields": {"name": "Can view content type", "content_type": 5, "codename": "view_contenttype"}}, {"model": "auth.permission", "pk": 21, "fields": {"name": "Can add session", "content_type": 6, "codename": "add_session"}}, {"model": "auth.permission", "pk": 22, "fields": {"name": "Can change session", "content_type": 6, "codename": "change_session"}}, {"model": "auth.permission", "pk": 23, "fields": {"name": "Can delete session", "content_type": 6, "codename": "delete_session"}}, {"model": "auth.permission", "pk": 24, "fields": {"name": "Can view session", "content_type": 6, "codename": "view_session"}}, {"model": "auth.permission", "pk": 25, "fields": {"name": "Can add announcement", "content_type": 7, "codename": "add_announcement"}}, {"model": "auth.permission", "pk": 26, "fields": {"name": "Can change announcement", "content_type": 7, "codename": "change_announcement"}}, {"model": "auth.permission", "pk": 27, "fields": {"name": "Can delete announcement", "content_type": 7, "codename": "delete_announcement"}}, {"model": "auth.permission", "pk": 28, "fields": {"name": "Can view announcement", "content_type": 7, "codename": "view_announcement"}}, {"model": "auth.permission", "pk": 29, "fields": {"name": "Can add club", "content_type": 8, "codename": "add_club"}}, {"model": "auth.permission", "pk": 30, "fields": {"name": "Can change club", "content_type": 8, "codename": "change_club"}}, {"model": "auth.permission", "pk": 31, "fields": {"name": "Can delete club", "content_type": 8, "codename": "delete_club"}}, {"model": "auth.permission", "pk": 32, "fields": {"name": "Can view club", "content_type": 8, "codename": "view_club"}}, {"model": "auth.permission", "pk": 33, "fields": {"name": "Can add found", "content_type": 9, "codename": "add_found"}}, {"model": "auth.permission", "pk": 34, "fields": {"name": "Can change found", "content_type": 9, "codename": "change_found"}}, {"model": "auth.permission", "pk": 35, "fields": {"name": "Can delete found", "content_type": 9, "codename": "delete_found"}}, {"model": "auth.permission", "pk": 36, "fields": {"name": "Can view found", "content_type": 9, "codename": "view_found"}}, {"model": "auth.permission", "pk": 37, "fields": {"name": "Can add lost", "content_type": 10, "codename": "add_lost"}}, {"model": "auth.permission", "pk": 38, "fields": {"name": "Can change lost", "content_type": 10, "codename": "change_lost"}}, {"model": "auth.permission", "pk": 39, "fields": {"name": "Can delete lost", "content_type": 10, "codename": "delete_lost"}}, {"model": "auth.permission", "pk": 40, "fields": {"name": "Can view lost", "content_type": 10, "codename": "view_lost"}}, {"model": "auth.permission", "pk": 41, "fields": {"name": "Can add student", "content_type": 11, "codename": "add_student"}}, {"model": "auth.permission", "pk": 42, "fields": {"name": "Can change student", "content_type": 11, "codename": "change_student"}}, {"model": "auth.permission", "pk": 43, "fields": {"name": "Can delete student", "content_type": 11, "codename": "delete_student"}}, {"model": "auth.permission", "pk": 44, "fields": {"name": "Can view student", "content_type": 11, "codename": "view_student"}}, {"model": "auth.permission", "pk": 45, "fields": {"name": "Can add interest", "content_type": 12, "codename": "add_interest"}}, {"model": "auth.permission", "pk": 46, "fields": {"name": "Can change interest", "content_type": 12, "codename": "change_interest"}}, {"model": "auth.permission", "pk": 47, "fields": {"name": "Can delete interest", "content_type": 12, "codename": "delete_interest"}}, {"model": "auth.permission", "pk": 48, "fields": {"name": "Can view interest", "content_type": 12, "codename": "view_interest"}}, {"model": "auth.user", "pk": 1, "fields": {"password": "pbkdf2_sha256$1000000$6vGKLGsPrGxFRZlv36z6Bt$U/XVRQl7WW1K4DdLZxHEU18zltRijRGxL1M7E4MAwoQ=", "last_login": "2025-10-06T12:22:15.931Z", "is_superuser": true, "username": "admin1", "first_name": "", "last_name": "", "email": "admin1@gmail.com", "is_staff": true, "is_active": true, "date_joined": "2024-11-12T07:33:38.206Z", "groups": [], "user_permissions": []}}, {"model": "auth.user", "pk": 5, "fields": {"password": "pbkdf2_sha256$1000000$oxf01FgWbvQyD4KUdE39Y5$XbE5MlnKtEw68GXinJf3l9TVUMzzP+fNVwry8RF92cg=", "last_login": "2025-10-06T12:33:19.668Z", "is_superuser": false, "username": "6610685387", "first_name": "", "last_name": "", "email": "", "is_staff": false, "is_active": true, "date_joined": "2024-11-21T13:25:45.148Z", "groups": [], "user_permissions": []}}, {"model": "auth.user", "pk": 7, "fields": {"password": "pbkdf2_sha256$870000$aPYn6feHaWeRUQ2gVlH07l$YertKOlBhtZGU2+FvdqsiqVL3XLXUSvA2r9REp2ysxw=", "last_login": "2024-12-13T18:49:43.611Z", "is_superuser": false, "username": "6610685353", "first_name": "", "last_name": "", "email": "", "is_staff": false, "is_active": true, "date_joined": "2024-11-23T03:56:51.103Z", "groups": [], "user_permissions": []}}, {"model": "auth.user", "pk": 8, "fields": {"password": "pbkdf2_sha256$870000$fUaRZXMvviHqPAo7qaN9OT$ChR/jheRr42I7sGu4mEF8MLbN24yFE8aq4jqGCGqvXU=", "last_login": "2024-11-23T04:27:10.346Z", "is_superuser": false, "username": "6610688888", "first_name": "", "last_name": "", "email": "", "is_staff": false, "is_active": true, "date_joined": "2024-11-23T04:26:06.009Z", "groups": [], "user_permissions": []}}, {"model": "auth.user", "pk": 9, "fields": {"password": "pbkdf2_sha256$870000$CX9BtjgAH8KUPaEsF9MZGe$zm1yBKYF4bhoxXe78BMEGZ8v68/cx18/4lysZBuSmQA=", "last_login": "2024-12-04T10:54:26.553Z", "is_superuser": false, "username": "6601888888", "first_name": "", "last_name": "", "email": "", "is_staff": false, "is_active": true, "date_joined": "2024-11-29T13:01:03Z", "groups": [], "user_permissions": []}}, {"model": "auth.user", "pk": 10, "fields": {"password": "pbkdf2_sha256$600000$HJCSR4bmI0mqNzdQEL86EG$oQLLCTspQL1wbRvwnFYl+kbUsQpYTYKPW3ylJstuRuM=", "last_login": "2024-12-10T05:47:24.109Z", "is_superuser": false, "username": "6610612084", "first_name": "", "last_name": "", "email": "", "is_staff": false, "is_active": true, "date_joined": "2024-12-02T07:47:59.024Z", "groups": [], "user_permissions": []}}, {"model": "auth.user", "pk": 11, "fields": {"password": "pbkdf2_sha256$600000$UiFSKCVqW1LotPVBkhgD66$Duf7uew+ISojXDdfQjF/I7X+/V+YkvNnRDBBld2rctY=", "last_login": "2024-12-10T05:46:22.365Z", "is_superuser": false, "username": "6610625052", "first_name": "", "last_name": "", "email": "", "is_staff": false, "is_active": true, "date_joined": "2024-12-02T07:48:17.271Z", "groups": [], "user_permissions": []}}, {"model": "auth.user", "pk": 12, "fields": {"password": "pbkdf2_sha256$600000$oYKl9zWtwFuN0fBUhOiMXP$/tzPR2xKn4i9htJo10aUV3BRt0oR+xDllIFjHU8o+ac=", "last_login": null, "is_superuser": false, "username": "6609680100", "first_name": "", "last_name": "", "email": "", "is_staff": false, "is_active": true, "date_joined": "2024-12-02T07:49:08.818Z", "groups": [], "user_permissions": []}}, {"model": "auth.user", "pk": 13, "fields": {"password": "pbkdf2_sha256$600000$WTxRH1BOTclg3KALsWBtN9$ABmw+jpXjp7BLArdkBbLOQUHDLWf42zBdNqDCUakKtk=", "last_login": null, "is_superuser": false, "username": "6609680019", "first_name": "", "last_name": "", "email": "", "is_staff": false, "is_active": true, "date_joined": "2024-12-02T07:53:56.079Z", "groups": [], "user_permissions": []}}, {"model": "auth.user", "pk": 14, "fields": {"password": "pbkdf2_sha256$600000$6BsdOzPXqwzAujrhVn0rRI$TNYdpvZ2kja2/BTpAL7dn3nIfX+0yW1ay7b4VLbPaPE=", "last_login": "2024-12-10T05:39:08.813Z", "is_superuser": false, "username": "6702610335", "first_name": "", "last_name": "", "email": "", "is_staff": false, "is_active": true, "date_joined": "2024-12-02T07:55:08.991Z", "groups": [], "user_permissions": []}}, {"model": "auth.user", "pk": 15, "fields": {"password": "pbkdf2_sha256$600000$SonCYm0G0GfpCC7d8nlFOA$FDWYFCIKAJF/2LWeOWpaOAKL+PYNZ04VxI/zSepdGQc=", "last_login": null, "is_superuser": false, "username": "6702610590", "first_name": "", "last_name": "", "email": "", "is_staff": false, "is_active": true, "date_joined": "2024-12-02T07:55:39.520Z", "groups": [], "user_permissions": []}}, {"model": "auth.user", "pk": 16, "fields": {"password": "pbkdf2_sha256$600000$V9QIdyj2EWezLWkpxyPrnb$Egan1YM3eja6jQD15IuPqrqnV25nmYEOmvtIzac4T/o=", "last_login": "2024-12-10T05:44:46.761Z", "is_superuser": false, "username": "6610625011", "first_name": "", "last_name": "", "email": "", "is_staff": false, "is_active": true, "date_joined": "2024-12-03T08:21:47.239Z", "groups": [], "user_permissions": []}}, {"model": "auth.user", "pk": 17, "fields": {"password": "pbkdf2_sha256$600000$IzukO4ume9GCOgS04k6Xcf$SN54PjVZcb3cGDiXJrjIjEQrpUV+h9DD3AP6RWCp1CY=", "last_login": null, "is_superuser": false, "username": "6604680147", "first_name": "", "last_name": "", "email": "", "is_staff": false, "is_active": true, "date_joined": "2024-12-04T06:40:21.451Z", "groups": [], "user_permissions": []}}, {"model": "auth.user", "pk": 18, "fields": {"password": "pbkdf2_sha256$600000$HpfaA1NigstBASTRADHC7g$eQSq6ECzFeKKt6sTndPnaI9WyezP6BC09QoDYFygjVA=", "last_login": "2024-12-10T05:41:21.362Z", "is_superuser": false, "username": "6615611198", "first_name": "", "last_name": "", "email": "", "is_staff": false, "is_active": true, "date_joined": "2024-12-04T06:43:54.387Z", "groups": [], "user_permissions": []}}, {"model": "auth.user", "pk": 19, "fields": {"password": "pbkdf2_sha256$870000$5pNFiWG0bShhhc7EC3qZzN$7t7AhFxmiiHcTTr4hwX+4epsQmTYEeyT0Za7EmFiAt8=", "last_login": "2024-12-10T09:04:45.781Z", "is_superuser": false, "username": "6601611060", "first_name": "", "last_name": "", "email": "", "is_staff": false, "is_active": true, "date_joined": "2024-12-04T06:45:45.125Z", "groups": [], "user_permissions": []}}, {"model": "auth.user", "pk": 20, "fields": {"password": "pbkdf2_sha256$600000$FMumQ7KBlEc7WUSTVFf4pU$rab0V5LL9sbMocTBwwDTwLKP6zhfgE7PpSs1Y3KWWjA=", "last_login": "2024-12-10T05:43:21.157Z", "is_superuser": false, "username": "6512681469", "first_name": "", "last_name": "", "email": "", "is_staff": false, "is_active": true, "date_joined": "2024-12-04T07:25:20.135Z", "groups": [], "user_permissions": []}}, {"model": "auth.user", "pk": 21, "fields": {"password": "pbkdf2_sha256$600000$mam2W6QchSztYkmNzf3wpB$JFDAK9vUIoYJdhLCSZnu5ujRzXtxdVO2ev6fuyI0dA8=", "last_login": "2024-12-10T05:37:29.048Z", "is_superuser": false, "username": "6611680123", "first_name": "", "last_name": "", "email": "", "is_staff": false, "is_active": true, "date_joined": "2024-12-04T07:34:08.547Z", "groups": [], "user_permissions": []}}, {"model": "auth.user", "pk": 22, "fields": {"password": "pbkdf2_sha256$600000$TahirkNuQ8emssAVZvEQ7j$5Sz8WUifROWae9lC4Hk0IKQW6YCoor9TVdiN8rBpFuw=", "last_login": "2024-12-10T05:50:31.108Z", "is_superuser": false, "username": "6610612066", "first_name": "", "last_name": "", "email": "", "is_staff": false, "is_active": true, "date_joined": "2024-12-10T05:49:12.218Z", "groups": [], "user_permissions": []}}, {"model": "contenttypes.contenttype", "pk": 1, "fields": {"app_label": "admin", "model": "logentry"}}, {"model": "contenttypes.contenttype", "pk": 2, "fields": {"app_label": "auth", "model": "permission"}}, {"model": "contenttypes.contenttype", "pk": 3, "fields": {"app_label": "auth", "model": "group"}}, {"model": "contenttypes.contenttype", "pk": 4, "fields": {"app_label": "auth", "model": "user"}}, {"model": "contenttypes.contenttype", "pk": 5, "fields": {"app_label": "contenttypes", "model": "contenttype"}}, {"model": "contenttypes.contenttype", "pk": 6, "fields": {"app_label": "sessions", "model": "session"}}, {"model": "contenttypes.contenttype", "pk": 7, "fields": {"app_label": "web_tu_events", "model": "announcement"}}, {"model": "contenttypes.contenttype", "pk": 8, "fields": {"app_label": "web_tu_events", "model": "club"}}, {"model": "contenttypes.contenttype", "pk": 9, "fields": {"app_label": "web_tu_events", "model": "found"}}, {"model": "contenttypes.contenttype", "pk": 10, "fields": {"app_label": "web_tu_events", "model": "lost"}}, {"model": "contenttypes.contenttype", "pk": 11, "fields": {"app_label": "web_tu_events", "model": "student"}}, {"model": "contenttypes.contenttype", "pk": 12, "fields": {"app_label": "web_tu_events", "model": "interest"}}, {"model": "sessions.session", "pk": "2n3gz7mmon168tatvcs0dn9rircny98e", "fields": {"session_data": ".eJxVjEsOwiAUAO_C2hD-8Fy67xnIA16lamhS2pXx7oakC93OTObNIh57jUenLS6FXZlkl1-WMD-pDVEe2O4rz2vbtyXxkfDTdj6thV63s_0bVOx1bAsQZE2SCIPxShMJW3wABJFSMX62BEQu6WByFhJ0UMkqZ32YHUjLPl_21TfF:1tJSjy:6h7ukM3uLyJcixUjkOqrCrbDeCr1flMktlZhvXgy4aQ", "expire_date": "2024-12-20T07:27:06.744Z"}}, {"model": "sessions.session", "pk": "8033db72fszd2ae7d33td6f5qeeeex4o", "fields": {"session_data": ".eJxVjEEOwiAQRe_C2pDSAsO4dO8ZyMCAVA0kpV0Z765NutDtf-_9l_C0rcVvPS1-ZnEWRpx-t0DxkeoO-E711mRsdV3mIHdFHrTLa-P0vBzu30GhXr61HiiZgSLnqFCTVZg0gAJndDRWIyBO4AA5B8yJw4Qjs2M3skVlYBLvD9v2N3s:1tHcjI:TQuctu8vGzpF_-7lH69-N29cBd0jz9G4tGFQgPWoXn4", "expire_date": "2024-12-15T05:42:48.114Z"}}, {"model": "sessions.session", "pk": "ahflb0uxzqzzpsvw7jy10nl5gecftdj6", "fields": {"session_data": ".eJxVjEEOwiAQRe_C2hCYghSX7j0DGWBGqgaS0q6Md7dNutDtf-_9twi4LiWsneYwZXERWpx-t4jpSXUH-YH13mRqdZmnKHdFHrTLW8v0uh7u30HBXraakzKODFqFDOCtJzsA09krjOxY8zggKBNZg9YmG2JPDmjYrDFiduLzBeggN_0:1tE7BV:k_dA4S2yLvkaqhadvma-72D7Usq2AYfKMJtRCy7sWDk", "expire_date": "2024-12-05T13:25:25.660Z"}}, {"model": "sessions.session", "pk": "e2nlmqlmzue1yz1utms5j80ost5v9ukq", "fields": {"session_data": ".eJxVjEEOwiAQRe_C2hCYghSX7j0DGWBGqgaS0q6Md7dNutDtf-_9twi4LiWsneYwZXERWpx-t4jpSXUH-YH13mRqdZmnKHdFHrTLW8v0uh7u30HBXraakzKODFqFDOCtJzsA09krjOxY8zggKBNZg9YmG2JPDmjYrDFiduLzBeggN_0:1tFYcT:rWfCouoIZ3azWetMWmGnnWYHcwPrwDW0MgKlaxbcNYw", "expire_date": "2024-12-09T12:55:13.122Z"}}, {"model": "sessions.session", "pk": "e9s9d6u0bxpwq10gr160vpfnfgn1ehck", "fields": {"session_data": ".eJxVjDsOwjAQBe_iGlnreL2xKelzBmvXHxJAiZRPhbg7spQC2jcz760iH_sYj62sccrqqrpOXX5H4fQscyP5wfN90WmZ93US3RR90k0PSy6v2-n-HYy8ja22iN4AWIc5J3QULBkf2EpnKgIaJOkLVE9QkEIFT65nqoYhBRFUny_NKDbh:1tKt8h:D2Y2nfFnwnLvdtXFNCd-ffpMD8IhnMRloRq1ga2srmo", "expire_date": "2024-12-24T05:50:31.115Z"}}, {"model": "sessions.session", "pk": "g4rwwcwr0any5hq0wlieljoj8aznsr6v", "fields": {"session_data": ".eJxVjEEOwiAQRe_C2hCYghSX7j0DGWBGqgaS0q6Md7dNutDtf-_9twi4LiWsneYwZXERWpx-t4jpSXUH-YH13mRqdZmnKHdFHrTLW8v0uh7u30HBXraakzKODFqFDOCtJzsA09krjOxY8zggKBNZg9YmG2JPDmjYrDFiduLzBeggN_0:1tDk6R:OQKSBjBea0wF0usbX7q9WEpU7iSdMQdpB30oOb-SuvM", "expire_date": "2024-12-04T12:46:39.145Z"}}, {"model": "sessions.session", "pk": "j2s2t153gdfqi9mzshtzts52qapmc7nj", "fields": {"session_data": ".eJxVjEEOwiAQRe_C2hCYghSX7j0DGWBGqgaS0q6Md7dNutDtf-_9twi4LiWsneYwZXERWpx-t4jpSXUH-YH13mRqdZmnKHdFHrTLW8v0uh7u30HBXraakzKODFqFDOCtJzsA09krjOxY8zggKBNZg9YmG2JPDmjYrDFiduLzBeggN_0:1tDoII:uVjjTehFiQ6GxjJVHELEsznzxD_UDeNl-YRhVt7XK_o", "expire_date": "2024-12-04T17:15:10.370Z"}}, {"model": "sessions.session", "pk": "lft5qinty40pl8s19vi90koqqfsdn2v6", "fields": {"session_data": ".eJxVjDsOwyAQBe9CHSEQXj4p0-cMaFmW4CTCkrErK3ePLblI2jczbxMR16XGtfMcxyyuAsTld0tIL24HyE9sj0nS1JZ5TPJQ5Em7vE-Z37fT_Tuo2OteM5ZQvFXaEUP2Q1BsgFExFcMAg6cMFJy2PmvEZAOhtilol9SeOiM-XwKFOKM:1v5kP1:yiY8f0fQrYVEQ96GVLJJQPdx_KSwUTIgFrevQVVtWdM", "expire_date": "2025-10-20T12:33:19.669Z"}}, {"model": "sessions.session", "pk": "tmbu0erjvq5str365le6qrqpmf6fb4eb", "fields": {"session_data": ".eJxVjEsOwjAMBe-SNYpK7CYxS_acoXJihxRQKvWzQtwdVeoCtm9m3tsMvK112Badh1HMxQRz-t0S56e2HciD232yeWrrPCa7K_agi71Noq_r4f4dVF7qXntfIiaMWPhMXQISVQDoC4YMznnqe0VS1wVlAmDIgSKKSCL1MZvPF9s4N8s:1tHOKQ:tJERTcykMFEp3U0YmjEGE3-DOqkBKlcFHaVC0g-rpwk", "expire_date": "2024-12-14T14:20:10.484Z"}}, {"model": "sessions.session", "pk": "tnqvwb8rtn9ggn4dt6omc78cxaol0pjg", "fields": {"session_data": ".eJxVjEEOwiAQRe_C2hCYghSX7j0DGWBGqgaS0q6Md7dNutDtf-_9twi4LiWsneYwZXERWpx-t4jpSXUH-YH13mRqdZmnKHdFHrTLW8v0uh7u30HBXraakzKODFqFDOCtJzsA09krjOxY8zggKBNZg9YmG2JPDmjYrDFiduLzBeggN_0:1tE7I1:0Y16sPGWn0nBFfHIEwtXWAYCA7lU0OGS1gKe4Ob2wEw", "expire_date": "2024-12-05T13:32:09.684Z"}}, {"model": "sessions.session", "pk": "v2nnyviezpc5rgy8bsvuego12fr2lelu", "fields": {"session_data": ".eJxVjEEOwiAQRe_C2hCYghSX7j0DGWBGqgaS0q6Md7dNutDtf-_9twi4LiWsneYwZXERWpx-t4jpSXUH-YH13mRqdZmnKHdFHrTLW8v0uh7u30HBXraakzKODFqFDOCtJzsA09krjOxY8zggKBNZg9YmG2JPDmjYrDFiduLzBeggN_0:1tAlQS:zLx47U48okabOV3Si9GVjDiLcaQQWq-zNyu6oQPx7j4", "expire_date": "2024-11-26T07:35:00.610Z"}}, {"model": "sessions.session", "pk": "yq253q0dfkl1ob28wyu93dz31yhvwri8", "fields": {"session_data": ".eJxVjEEOwiAQRe_C2hCYghSX7j0DGWBGqgaS0q6Md7dNutDtf-_9twi4LiWsneYwZXERWpx-t4jpSXUH-YH13mRqdZmnKHdFHrTLW8v0uh7u30HBXraakzKODFqFDOCtJzsA09krjOxY8zggKBNZg9YmG2JPDmjYrDFiduLzBeggN_0:1tHMYx:OYIg7TuvBayHj8XU8CyO0NnpMZNTEOIe60J-EOka2SI", "expire_date": "2024-12-14T12:27:03.981Z"}}, {"model": "web_tu_events.club", "pk": 1, "fields": {"title": "TU Folksong", "image": "images_1.jpeg", "description": "ชุมนุมโฟล์คซองเป็นชุมนุมดนตรี ที่นำเอาเพลงมาบรรเลงในสไตล์ของตัวเอง", "enable_to_join": false, "origin": "tu"}}, {"model": "web_tu_events.club", "pk": 2, "fields": {"title": "TSE Ambassador", "image": "TSEAM_Logo_bg.jpg", "description": "เป็นกลุ่มตัวแทนนักศึกษาในการสนับสนุนวิสัยทัศน์และแผนการดำเนินงานด้านกิจกรรมของคณะวิศวกรรมศาสตร์ โดยเสริมสร้างความสามัคคีในการทำงานร่วมกันของนักศึกษาผ่านการทำกิจกรรมร่วมกันเพื่อสร้างประโยชน์ให้แก่คณะและมหาวิทยาลัย", "enable_to_join": true, "origin": "engineering"}}, {"model": "web_tu_events.club", "pk": 5, "fields": {"title": "Dometham", "image": "dometham.jpg", "description": "Buddhist Club Thammasat University\r\nชุมนุมศึกษาพุทธศาสตร์และประเพณี มหาวิทยาลัยธรรมศาสตร์", "enable_to_join": true, "origin": "tu"}}, {"model": "web_tu_events.club", "pk": 6, "fields": {"title": "TSE Basketball", "image": "tsebask.jpg", "description": "ชมรมบาสเกตบอล คณะวิศวกรรมศาสตร์ มหาวิทยาลัยธรรมศาสตร์", "enable_to_join": true, "origin": "engineering"}}, {"model": "web_tu_events.club", "pk": 7, "fields": {"title": "Ju-Jitsu TU", "image": "jujit.jpg", "description": "ชุมนุมยูยิตสูแห่งมหาวิทยาลัยธรรมศาสตร์", "enable_to_join": true, "origin": "tu"}}, {"model": "web_tu_events.club", "pk": 8, "fields": {"title": "Judo Thammasat", "image": "judotu.jpg", "description": "ชุมนุมยูโด มหาวิทยาลัยธรรมศาสตร์\r\nสถานที่: ชั้น 2 ยิมเนเซียม 7", "enable_to_join": true, "origin": "tu"}}, {"model": "web_tu_events.club", "pk": 9, "fields": {"title": "Law TU Band", "image": "lawtu.jpg", "description": "ชมรมดนตรีคณะนิติศาสตร์ มหาวิทยาลัยธรรมศาสตร์\r\nFacebook/YouTube/Tik Tok: LAW TU BAND", "enable_to_join": true, "origin": "law"}}, {"model": "web_tu_events.club", "pk": 10, "fields": {"title": "TU Relations", "image": "turelation.jpg", "description": "สำนักงานธรรมศาสตร์สัมพันธ์", "enable_to_join": true, "origin": "tu"}}, {"model": "web_tu_events.club", "pk": 11, "fields": {"title": "KNAHS", "image": "knahs.jpg", "description": "กรรมการนักศึกษา คณะสหเวชศาสตร์ มหาวิทยาลัยธรรมศาสตร์", "enable_to_join": true, "origin": "allied_health"}}, {"model": "web_tu_events.club", "pk": 12, "fields": {"title": "TU Christian", "image": "tuchris.jpg", "description": "ชมรมคริสเตียนเเห่งมหาวิทยาลัยธรรมศาสตร์ ขอเปิด", "enable_to_join": true, "origin": "tu"}}, {"model": "web_tu_events.club", "pk": 13, "fields": {"title": "TUBball", "image": "tubball.jpg", "description": "ชุมนุมกีฬาบาสเกตบอล แห่งมหาวิทยาลัยธรรมศาสตร์", "enable_to_join": true, "origin": "tu"}}, {"model": "web_tu_events.club", "pk": 14, "fields": {"title": "RCATU", "image": "rcatu.jpg", "description": "กองสันทนาการแห่งมหาวิทยาลัยธรรมศาสตร์", "enable_to_join": true, "origin": "tu"}}, {"model": "web_tu_events.club", "pk": 15, "fields": {"title": "ENGRRCA", "image": "engrrca.png", "description": "ชมรมสันทนาการคณะวิศวกรรมศาสตร์\r\nแห่งมหาวิทยาลัยธรรมศาสตร์🌈🎤💃🏻🥁", "enable_to_join": true, "origin": "engineering"}}, {"model": "web_tu_events.club", "pk": 16, "fields": {"title": "TSE International Affairs", "image": "interaff.png", "description": "Student exchange, internships, domestic-global scholarships and academic forums", "enable_to_join": true, "origin": "engineering"}}, {"model": "web_tu_events.club", "pk": 17, "fields": {"title": "Engrcamp TU", "image": "engrcamp.png", "description": "Engrcamp TU", "enable_to_join": true, "origin": "engineering"}}, {"model": "web_tu_events.club", "pk": 18, "fields": {"title": "TU Photo", "image": "tupho.jpg", "description": "ชุมนุมถ่ายภาพมหาวิทยาลัยธรรมศาสตร์", "enable_to_join": true, "origin": "tu"}}, {"model": "web_tu_events.club", "pk": 19, "fields": {"title": "TBS Basketball Club", "image": "tbs.png", "description": "TBS Basketball Team (n.)\r\nA super dream team of players who obsessed in basketball filled with encouragement and supportive ambassadors☻\r\n\r\nBasketball team of Thammasat Business School", "enable_to_join": true, "origin": "business"}}, {"model": "web_tu_events.club", "pk": 20, "fields": {"title": "LawTUFC", "image": "lawtufc.png", "description": "Law TU Football Club", "enable_to_join": true, "origin": "law"}}, {"model": "web_tu_events.club", "pk": 21, "fields": {"title": "TU Archery Club", "image": "ยง.png", "description": "TU Archery Club\r\nเปิดรอบให้นักศึกษาจองยิง 2 รอบ รอบละ 6 คน\r\n17:00-17:30 และ 17:30-18:00 (จ-พฤ)\r\nจองคิวล่วงหน้าได้ 1 วัน\r\n❌งดตอบ DM\r\nติดต่อสอบถาม-จองคิว @line official\r\n⬇️\r\nlin.ee/niztHVf", "enable_to_join": true, "origin": "tu"}}, {"model": "web_tu_events.student", "pk": 3, "fields": {"user": 5, "image": "3840_K7qzfkO.webp", "email": "ultimata.san@dome.tu.ac.th", "name": "Ultimata Sangrungruang", "student_id": 6610685387, "username": "6610685387", "club": 6}}, {"model": "web_tu_events.student", "pk": 4, "fields": {"user": 7, "image": "IMG_0180_xHI7ZZL.jpg", "email": "siranat.phi@dome.tu.ac.th", "name": "Siranat Phimphicharn", "student_id": 6610685353, "username": "6610685353", "club": 1}}, {"model": "web_tu_events.student", "pk": 7, "fields": {"user": 12, "image": "", "email": "6609680100@dome.tu.ac.th", "name": "Vittaya mortor", "student_id": 6609680100, "username": "6609680100", "club": 7}}, {"model": "web_tu_events.student", "pk": 8, "fields": {"user": 10, "image": "", "email": "6610612084@dome.tu.ac.th", "name": "Praphatchara Sawangwong", "student_id": 6610612084, "username": "6610612084", "club": 8}}, {"model": "web_tu_events.student", "pk": 9, "fields": {"user": 11, "image": "", "email": "6610625052@dome.tu.ac.th", "name": "Supakjira Songsawang", "student_id": 6610625052, "username": "6610625052", "club": 6}}, {"model": "web_tu_events.student", "pk": 10, "fields": {"user": 14, "image": "", "email": "6702610335@dome.tu.ac.th", "name": "Abanshi Khonrank", "student_id": 6702610335, "username": "6702610335", "club": null}}, {"model": "web_tu_events.student", "pk": 11, "fields": {"user": 16, "image": "", "email": "6610625011@dome.tu.ac.th", "name": "Chutikan Keedkam", "student_id": 6610625011, "username": "6610625011", "club": 7}}, {"model": "web_tu_events.student", "pk": 12, "fields": {"user": 17, "image": "", "email": "6601680147@dome.tu.ac.th", "name": "Anan Chaisiri", "student_id": 6601680147, "username": "6601680147", "club": null}}, {"model": "web_tu_events.student", "pk": 13, "fields": {"user": 18, "image": "", "email": "6615611198@dome.tu.ac.th", "name": "Chonticha Phromphiphat", "student_id": 6615611198, "username": "6615611198", "club": null}}, {"model": "web_tu_events.student", "pk": 14, "fields": {"user": 19, "image": "", "email": "6601611060@dome.tu.ac.th", "name": "Nattapong Thongprasert", "student_id": 6601611060, "username": "6601611060", "club": 9}}, {"model": "web_tu_events.student", "pk": 15, "fields": {"user": 20, "image": "", "email": "6512681469@student.tu.ac.th", "name": "Jirawat Rattanakorn", "student_id": 6512681469, "username": "6512681469", "club": 11}}, {"model": "web_tu_events.student", "pk": 16, "fields": {"user": 21, "image": "", "email": "6611680123@dome.tu.ac.th", "name": "Supachai Vichitratana", "student_id": 6611680123, "username": "6611680123", "club": 12}}, {"model": "web_tu_events.student", "pk": 17, "fields": {"user": 9, "image": "", "email": "6601888888@dome.tu.ac.th", "name": "ปาริชาติ สุขสวัสดิ์", "student_id": 6601888888, "username": "6601888888", "club": null}}, {"model": "web_tu_events.student", "pk": 18, "fields": {"user": 22, "image": "", "email": "6610612066@dome.tu.ac.th", "name": "Sonove Abid", "student_id": 6610612066, "username": "6610612066", "club": 18}}, {"model": "web_tu_events.announcement", "pk": 1, "fields": {"title": "ลอยกระทงธรรมศาสตร์2024", "description": "พร้อมหรือยังกับแสงเรืองรองของจันทราเจิดจ้ายามราตรี 🌠✨\r\n\r\n🕯️ ตำนานอันแสนยิ่งใหญ่แห่งธรรมศาสตร์กำลังจะเริ่มต้นขึ้นอีกครั้งไปกับงาน ลอยกระทงธรรมศาสตร์2024 พร้อมบูธกิจกรรมและวงดนตรีมากมายที่จะคลายความเครียดไปพร้อมกับงานกระทงในปีนี้ 🎧🪗\r\n\r\n🌙 แสงจันทร์ในครั้งนี้จะร่วมเป็นส่วนหนึ่งแห่งสักขีพยานให้คำอธิษฐานของชาวธรรมศาสตร์กลายเป็นจริง โดยผู้ที่อธิษฐานใต้แสงจันทร์จะได้พบเจอกับความสุขและความสนุกอีกมากมายไปกับเราได้ที่งานลอยกระทงธรรมศาสตร์2024 🎆🎡 พาชมวิถีสี่ภาค แสงจันทร์ส่อง สานสุขใจ ไปด้วยกัน\r\n\r\n🎇 มาร่วมเติมเต็มความหวังและความฝันเพื่อสร้างความทรงจำที่ไม่มีวันลืม ไปพร้อมกับแสงจันทร์อันอบอุ่นในคืนแสนพิเศษที่กำลังจะมาถึงนี้ 🔅\r\n\r\n🎈ในวันที่ 14 - 15 พฤศจิกายน 2567 นี้ ณ อาคารโดมบริหาร มหาวิทยาลัยธรรมศาสตร์ ศูนย์รังสิต!", "image": "466130574_1158836435859063_1343952594263775595_n.jpg", "date": "2024-11-18T10:26:39.326Z", "categories": "cultural", "start_date": "2024-11-14T12:00:00Z", "end_date": "2024-11-15T18:00:00Z", "place": "อาคารโดมบริหาร มหาวิทยาลัยธรรมศาสตร์ ศูนย์รังสิต", "club": null, "student": null}}, {"model": "web_tu_events.announcement", "pk": 2, "fields": {"title": "เชิญชวนนักชิม", "description": "📢 นักชิมโปรดเตรียมตัวให้พร้อม❗️✨🍽️\r\nกับการเป็นตัวแทนคัดเลือกร้านค้าฯ พื้นที่ศูนย์อาหารที่ใหญ่ที่สุดของธรรมศาสตร์🔥🔥🔥\r\nมีมากกว่า 140+ ร้าน ที่ผ่านเข้ารอบในการเข้าร่วมคัดเลือกครั้งนี้\r\n\r\n📌เช็คผลทางอีเมล์ของท่านและลงเวลาให้พร้อม!\r\n⏰มาเจอกันวันพรุ่งนี้เวลา 15.00 น. (ควรมาก่อนเวลา 30 นาที)\r\n📍ตลาดนัดอินเตอร์โซน : https://maps.app.goo.gl/JjykvCy5X1CxTF4K9\r\n\r\n#ศูนย์อาหารธรรมศาสตร์ #พื้นที่เช่าธรรมศาสตร์ #นักชิมธรรมศาสตร์", "image": "chuanchim.jpg", "date": "2024-11-20T12:51:34.002Z", "categories": "entertainment", "start_date": "2024-11-19T18:00:00Z", "end_date": "2024-11-20T18:00:00Z", "place": "ตลาดนัดอินเตอร์โซน มหาวิทยาลัยธรรมศาสตร์ ศูนย์รังสิต", "club": null, "student": null}}, {"model": "web_tu_events.announcement", "pk": 3, "fields": {"title": "jujitsu self defense", "description": "ใครอยากเท่แบบมีสกิลป้องกันตัวห้ามพลาด!😎\r\nมาสนุกกับ Jujitsu Self-Defense กันในวันที่ 2, 4, 5 กันยายนนี้\r\nเวลา 17.30 - 19.30 น. ไม่ต้องมีพื้นฐานก็เริ่มได้ รับรองสนุกแน่นอน! #JujitsuTU #พร้อมลุย", "image": "jujitsuselfdefence.jpg", "date": "2024-11-20T12:50:24.333Z", "categories": "sports", "start_date": "2024-09-02T17:30:00Z", "end_date": "2024-09-05T19:30:00Z", "place": "ลานพญานาค เมนสเตเดียม", "club": null, "student": null}}, {"model": "web_tu_events.announcement", "pk": 26, "fields": {"title": "Folk to your souls", "description": "Folk to your souls\r\nLarn Folk 1 : Folk to Your Souls \r\n🌈🎨 “ให้เสียงเพลงนำทางหัวใจ” \r\n🔊 ครั้งนี้!! พวกเราอยากจะพาทุกคนไปดื่มด่ำกับเสียงเพลงแห่งความหลากหลายทางอารมณ์ จะจอยสุดขีด จะเศร้าซึมจนดิ่งดาวน์ หรือ จะร้อนแรงจนไฟลุก จนทุกคนจะต้องร้องว้าวว🔥🙀 \r\n🚨✨ห้ามพลาดดเด็ดขาดด TU Folksong พร้อมเสิร์ฟแล้วว ทุกคนล่ะพร้อมกันหรือยังง \r\n\r\n🗓 : วันที่ 21 พฤศจิกายน 2567 \r\n⏰ : เวลา 17.00 เป็นต้นไป \r\n📍 : สถานที่ อาคารเรียนรวมสังคมศาสตร์ 1 (SC1) \r\n\r\n#tufolksong \r\n#larnfolk1", "image": "fucksong.jpg", "date": "2024-12-06T06:07:04.652Z", "categories": "clubs", "start_date": "2024-11-21T10:00:00Z", "end_date": "2024-11-20T17:00:00Z", "place": "อาคารเรียนรวมสังคมศาสตร์ 1 (SC1)", "club": 1, "student": null}}, {"model": "web_tu_events.announcement", "pk": 27, "fields": {"title": "Halloween Night of Change", "description": "Halloween Night of Change\r\n🕸️🎃#ThammasatHalloweenDay2024 🕸️\r\n✨ ค่ำคืนที่เวทมนตร์และความลี้ลับมาเยือนมหาวิทยาลัยของเราอีกครั้ง! \r\n🎩💀 เตรียมพบกับบรรยากาศสุดขลังและการแต่งกายหลอนสะพรึงในค่ำคืนที่ทุกคนจะได้หลุดไปยังอีกโลกหนึ่ง \r\n🌕👻 ใครพร้อมแล้วกับความสนุกสุดสยองนี้ รีบมาร่วมกันให้ไว แล้วปล่อยความเป็นตัวเองในคืนฮาโลวีนให้เต็มที่! \r\n“𝕳𝖆𝖑𝖑𝖔𝖜𝖊𝖊𝖓 𝕹𝖎𝖌𝖍𝖙 𝖔𝖋 𝕮𝖍𝖆𝖓𝖌𝖊” องค์การนักศึกษามหาวิทยาลัยธรรมศาสตร์ \r\n\r\nพบกับความสนุกสนานกับกิจกรรมสุดพิเศษมากมาย มาปลดปล่อยความเป็นตัวเอง และสร้างความกล้า ก้าวข้ามความกลัวไปกับ Halloween Night of Change รวมถึงการเดินแบบ Fashion Show และอีกมากมาย เพื่อเฉลิมฉลองในช่วงเทศกาล Halloween \r\n\r\nพบกันในค่ำคืนที่ 30 ตุลาคม 2567 \r\nณ ตลาดนัดธรรมศาสตร์ (เชียงรากมาร์เก็ต) มหาวิทยาลัยธรรมศาสตร์ ศูนย์รังสิต \r\n\r\n#HalloweenNightofChange \r\n#ThammasatHalloweenDay2024", "image": "halloween.jpg", "date": "2024-12-03T07:45:00.173Z", "categories": "cultural", "start_date": "2024-10-30T11:00:00Z", "end_date": "2024-10-29T17:00:00Z", "place": "ณ ตลาดนัดธรรมศาสตร์ (เชียงรากมาร์เก็ต)", "club": null, "student": null}}, {"model": "web_tu_events.announcement", "pk": 28, "fields": {"title": "Inner Peace Sharing Camp", "description": "Inner Peace Sharing Camp\r\n🍃“ธมฺโม สุจิณฺโณ สุขมาวหาติ. ธรรมที่ประพฤติดีแล้ว นำสุขมาให้” \r\nเปิดรับสมัครน้องค่ายแล้ว ค่าสวัสดิการค่าย 399 บาท ( ฟรีเสื้อค่าย ) \r\n\r\nณ อำเภอภูเรือ จังหวัดเลย \r\nวันที่ 20 - 27 ธันวาคม 2567 \r\n\r\nติดต่อสอบถามเพิ่มเติม \r\nบัว - 096-093-4645 \r\nณัจ - 088-952-2516 \r\n\r\n#innerpeace22 \r\n#innerpeacesharingcamp22 \r\n#TUBC #Dometham", "image": "innerpeace.jpg", "date": "2024-12-06T07:35:38.930Z", "categories": "clubs", "start_date": "2024-12-20T05:00:00Z", "end_date": "2024-12-27T05:00:00Z", "place": "TU", "club": 5, "student": null}}, {"model": "web_tu_events.announcement", "pk": 29, "fields": {"title": "Happy Halloween Blood Party", "description": "👻 ⚰️ Happy Halloween Blood Party  \r\n👻 ฉันต้องการเลือด 🩸  โปรดนำเลือดมาให้ฉัน 👻\r\n.\r\nงานธนาคารเลือด รพ.ธรรมศาสตร์เฉลิมพระเกียรติ ร่วมกับ สมาคมนักศึกษาเก่าพาณิชยศาสตร์และการบัญชี มหาวิทยาลัยธรรมศาสตร์ จัดกิจกรรม\r\n\r\n👻 👻  Happy Halloween Blood Party\r\n👻 ฉันต้องการเลือด 🩸  โปรดนำเลือดมาให้ฉัน 👻\r\n.\r\n🗓  วันที่ 31 ตุลาคม 2567\r\n⏰ เวลา 08.30 – 15.30 น.\r\n🏫 ณ อาคารพลังใจ  โรงพยาบาลธรรมศาสตร์เฉลิมพระเกียรติ\r\n.\r\n#โรงพยาบาลธรรมศาสตร์เฉลิมพระเกียรติ\r\n#ThammasatUniversityHospital\r\n#TUH\r\n#โรงพยาบาลเพื่อประชาชน\r\n#HappyHalloween\r\n#Halloween", "image": "bloody.jpg", "date": "2024-12-03T07:55:26.668Z", "categories": "cultural", "start_date": "2024-10-31T01:30:00Z", "end_date": "2024-10-31T08:30:00Z", "place": "ณ อาคารพลังใจ  โรงพยาบาลธรรมศาสตร์เฉลิมพระเกียรติ", "club": null, "student": null}}, {"model": "web_tu_events.announcement", "pk": 30, "fields": {"title": "ปิดช่องทางจราจร", "description": "🔊 แจ้งประชาสัมพันธ์ด่วน‼️\r\n.\r\nปิดช่องทางจราจร ระหว่างอาคารวิศิษฏ์อักษร และอาคารเรียนรวม 3\r\n.\r\nตั้งแต่วันที่ 18 พ.ย. 2567 เวลา 02.00 น. ถึงวันที่ 20 พ.ย. 2567 เวลา 23.59 น.\r\n.\r\nเพื่ออำนวยความสะดวกการจัดกิจกรรมเปิดตัวเสื้อเชียร์ประจำงานฟุตบอลประเพณี\r\nธรรมศาสตร์-จุฬาฯ ครั้งที่ 75\r\n.\r\nจึงแจ้งมาเพื่อทราบ และขออภัยในความไม่สะดวกมา ณ โอกาสนี้ หากท่านใดได้รับความไม่สะดวก หรือต้องการสอบถามข้อมูลเพิ่มเติม สามารถติดต่อได้ที่ Facebook Page : Life at Thammasat Rangsit\r\n.\r\nสามารถติดตามข้อมูลของ ‘มหาวิทยาลัยธรรมศาสตร์ ศูนย์รังสิต’ ได้ที่ Facebook Page : Life at Thammasat Rangsit\r\n.\r\n🔺 Life at Thammasat Rangsit\r\n🔺 instagram.com/lifeatturangsit\r\n.\r\n#lifeatthammasatrangsit\r\n#FutureCampusLife\r\n#ThammasatSmartCity\r\n#thammasatsustainability See less", "image": "aleart1.jpg", "date": "2024-12-03T08:05:47.104Z", "categories": "alerts", "start_date": "2024-11-17T19:00:00Z", "end_date": "2024-11-20T16:59:00Z", "place": "ระหว่างอาคารวิศิษฏ์อักษร และอาคารเรียนรวม 3", "club": null, "student": null}}, {"model": "web_tu_events.announcement", "pk": 31, "fields": {"title": "Basketball Samphan 3rd", "description": "กลับมาแล้วกับการแข่งขันบาสเกตบอลวิศวะสัมพันธ์ ครั้งที่ 3 ที่หลายๆคนรอคอย โดยในปีนี้เราจัดการแข่งขันขึ้น\r\n\r\nในช่วงเวลา 22-24 มกราคม และ 3-5 กุมภาพันธ์ 2025\r\nเวลา 17:00-21:00น.\r\n\r\n📍 ยิมเนเซียม 7 (สนามบน)\r\n\r\nสามารถสมัครเข้าร่วมการแข่งขันได้โดย Scan QR code หรือกดลิงก์ : https://forms.gle/ZvV6u96KFXJNFJEj8\r\n\r\nเปิดรับสมัครตั้งแต่วันนี้จนถึงวันที่ 30 พฤศจิกายน 2024\r\n\r\nมาสมัครกันเยอะๆนะคะะะ🏀🏀🏀", "image": "tsesampan.png", "date": "2024-12-03T08:57:20.482Z", "categories": "clubs", "start_date": "2025-02-22T10:00:00Z", "end_date": "2025-02-05T14:00:00Z", "place": "ยิมเนเซียม7 (สนามบน)", "club": 6, "student": 9}}, {"model": "web_tu_events.announcement", "pk": 32, "fields": {"title": "ทักษะยูโดเบื้องต้น", "description": "โครงการ CSR ชุมนุมยูโด\r\nเปิดฝึกสอนทักษะยูโดเบื้องต้นให้กับ\r\nนักศึกษา บุคลากร มหาวิทยาลัยธรรมศาสตร์\r\n\r\nชุมนุมยูโด ขอเชิญร่วมโครงการ CSR เพื่อพัฒนาทักษะยูโดเพื่อป้องกันตัวและเสริมสร้างสุขภาพ\r\n\r\n🗓️ ในวันที่ 4-6, 11, 18-20, 25-27 พฤศจิกายน 2024\r\n⏰ เวลา 17:30 - 19:00 น.\r\n🥋 เบาะชุมนุมยูโด ชั้น2 ยิมเนเซียม7\r\n📣 เปิดรับสมัครตั้งแต่วันนี้เป็นต้นไปและสามารถ walk in ได้เรื่อยๆตามเวลา\r\n\r\nห้ามพลาด!! มาร่วมฝึกฝนทักษะยูโดเพื่อป้องกันตัว และเสริมสร้างสุขภาพไปด้วยกัน😄💪🏻🥋", "image": "judo.png", "date": "2024-12-10T08:17:29.959Z", "categories": "clubs", "start_date": "2024-11-04T10:30:00Z", "end_date": "2024-12-27T12:00:00Z", "place": "เบาะชุมนุมยูโด ชั้น2 ยิมเนเซียม7", "club": 8, "student": 8}}, {"model": "web_tu_events.announcement", "pk": 33, "fields": {"title": "LOY กับ LAW", "description": "🌝แสงเรืองรองของจันทราเจิดจ้ายามราตรีในคืนวันเพ็ญนี้ พวกเรา LAW TU BAND พร้อมมอบความสุขผ่านเสียงดนตรีและสร้างความอบอุ่นให้ชาวธรรมศาตร์ 🎡🎆\r\n\r\nมาร่วมอธิษฐานใต้แสงจันทร์และเพลิดเพลินไปกับเสียงดนตรีที่งาน #ลอยกระทงธรรมศาสตร์2024 🪷🩰\r\n\r\n🎠วันศุกร์ที่ 15 พฤศจิกายน 2567\r\nณ โดมบริหาร มหาวิทยาลัยธรรมศาสตร์ ศูนย์รังสิต ( Folk Song State )\r\nเวลา 18.25 เป็นต้นไป (โดยประมาณ)🌠", "image": "loywithlaw.png", "date": "2024-12-10T08:17:00.975Z", "categories": "clubs", "start_date": "2024-11-15T11:25:00Z", "end_date": "2024-11-14T17:00:00Z", "place": "ณ โดมบริหาร ( Folk Song State )", "club": 9, "student": null}}, {"model": "web_tu_events.announcement", "pk": 34, "fields": {"title": "สหภาพคนหอนอก", "description": "💗ชีวิตชาวหอนอกดีขึ้นแน่\r\nด้วยนโยบาย ”สหภาพคนหอนอก“✨\r\n\r\n🙋‍♂️สหภาพคนหอนอกคืออะไร?\r\nองค์การนักศึกษามหาวิทยาลัยธรรมศาสตร์ในปีนี้มีแนวคิดที่จะประสานความร่วมมือระหว่างชาวหอนอก x นิติบุคคล x มหาวิทยาลัย ในการสร้างพื้นที่พูดคุย รับฟังปัญหาที่จำเป็นสำหรับเพื่อน ๆ ที่พักอาศัยในหอนอกโดยรอบมหาวิทยาลัยธรรมศาสตร์ ผ่านการทำรายงานเสนอโดยตรง การประชุมย่อย และมีการจัดอันดับให้รางวัลแก่หอพักที่สามารถตอบสนองต่อเสียงของเพื่อนนักศึกษาที่พักอาศัยได้มากที่สุด🫶🏻\r\n\r\n📝โดยข้อมูลจากแบบฟอร์มนี้เราจะนำไปพูดคุยหารือร่วมกับมหาวิทยาลัย เทศบาลเมืองท่าโขลง เทศบาลเมืองคลองหลวง และส่วนงานที่เกี่ยวข้องต่อไป แล้วเจอกัน❕\r\n\r\n📬 Follow us for updates, news, and FAQs, including\r\nasking us questions, and sending us reports here :\r\nInstagram: tusu_thammasat\r\nX: @aormortor\r\nFacebook: องค์การนักศึกษามหาวิทยาลัยธรรมศาสตร์\r\nTUSU Red Alert : [Link in bio]", "image": "hornok.png", "date": "2024-12-04T07:10:49.440Z", "categories": "alerts", "start_date": "2024-10-01T05:00:00Z", "end_date": "2025-04-30T05:00:00Z", "place": "มหาวิทยาลัยธรรมศาสตร์ ศูนย์รังสิต", "club": null, "student": null}}, {"model": "web_tu_events.announcement", "pk": 36, "fields": {"title": "I can see your future", "description": "I can see your future — 🔮\r\nถ้าหากคุณกำลัง “เหงา เศร้า เครียด”   สามารถแวะมาพูดคุยกับเรา 💬💗\r\nถามไพ่ เพื่อเสริมความมั่นใจ ก่อนลงสนามสอบ !!! 📚\r\n📍ห้อง 612 อาคาร ปิยชาติ\r\n🗓️ 28 พฤศจิกายน 2567\r\n⏰ 10.00 - 16.00 น.", "image": "tarotahs.jpg", "date": "2024-12-04T07:26:21.727Z", "categories": "clubs", "start_date": "2024-11-28T03:00:00Z", "end_date": "2024-11-28T09:00:00Z", "place": "ห้อง 612 อาคาร ปิยชาติ", "club": 11, "student": 15}}, {"model": "web_tu_events.announcement", "pk": 37, "fields": {"title": "Reading Room", "description": "OPEN 🔔 Reading Room ~(📚)\r\n\r\nคณะสหเวชศาสตร์เปิดให้บริการห้องอ่านหนังสือแล้ววว !!!!\r\n\r\n🗓️ เปิดบริการตั้งแต่ 30 พฤศจิกายน - 18 ธันวาคม 2567\r\n⏰ เวลา 9.00 - 22.00 น.\r\n📍 ห้อง 612 อาคารปิยชาติ 1", "image": "readingahs.jpg", "date": "2024-12-04T07:28:45.255Z", "categories": "education", "start_date": "2024-11-30T02:00:00Z", "end_date": "2024-12-18T15:00:00Z", "place": "ห้อง 612 อาคารปิยชาติ 1", "club": 11, "student": null}}, {"model": "web_tu_events.announcement", "pk": 38, "fields": {"title": "Christmas Prelude", "description": "🎄อิสท๊ามมมมมมมมม!!!!!! คริสต์มาสปีนี้ TU Christian ขอชวนชาวมธ.ทุกคนมาเฉลิมฉลองกันในงาน “Christmas Prelude” ที่เชียงรากมาร์เก็ต พวกเราขนทั้งกิจกรรมสนุกๆ ขนมอร่อยๆ และของขวัญอีกเพียบ มาให้ทุกคนได้ฟออินอฟินและฟีลกู้ดกัน! มากันเยอะๆ นะ \r\n🎈มาเจอกัน วันที่ 25 พ.ย. 2024\r\n✨เวลา 17:00 - 20:00 น. \r\nห้ามพลาดนะจ๊ะ มาสนุกด้วยกันน้าาา 🎄🎁🎅🏻🌟\r\n#TUChristmasPrelude2024 \r\n#TuChristianclub\r\n#ชุมนุมคริสเตียนมหาวิทยาลัยธรรมศาสตร์", "image": "chris.jpg", "date": "2024-12-04T07:38:23.149Z", "categories": "religions", "start_date": "2024-11-25T10:00:00Z", "end_date": "2024-11-25T13:00:00Z", "place": "เชียงรากมาร์เก็ต", "club": 12, "student": 16}}, {"model": "web_tu_events.announcement", "pk": 41, "fields": {"title": "ระวังตัว", "description": "พบผู้ชายเดินเข้ามาลวนลามพยายามจับช่วงเอวและถามว่ามีแฟนหรือยัง เสนอจะซื้อของให้กิน ผู้เสียหายปฏิเสธแล้วแต่ถูกเดินตาม", "image": "aleart2.jpg", "date": "2024-12-06T06:14:30.437Z", "categories": "alerts", "start_date": "2024-12-06T06:13:03Z", "end_date": "2024-12-30T17:00:00Z", "place": "มหาวิทยาลัยธรรมศาสตร์", "club": null, "student": null}}, {"model": "web_tu_events.announcement", "pk": 42, "fields": {"title": "สลากกาชาดธรรมศาสตร์", "description": "🎉 รวมพลังธรรมศาสตร์ ONE TU ร่วมทำบุญ ลุ้นรางวัลกับสลากกาชาดธรรมศาสตร์!🎉\r\nเตรียมความพร้อมที่จะก้าวเข้าสู่วาระครบรอบ 91 ปี ธรรมศาสตร์ \"ชื่อนี้มีแต่ให้\" ✨                 \r\nมาร่วมสร้างสาธารณกุศลด้วยการซื้อ \"สลากกาชาดธรรมศาสตร์ ประจำปี 2567\"                   \r\nลุ้นรางวัลรวม 785 รางวัล รวมมูลค่ากว่า 2.8 ล้านบาท!! 🏆💸\r\n✨ รางวัลใหญ่ \r\n🚗 รถยนต์ Mercedes-Benz A 200 AMG Dynamic \r\n💰 ทองคำแท่งหนัก 5 บาท 2 รางวัล\r\n📱 iPhone 16 Pro \r\n🌬️ เครื่องฟอกอากาศ\r\n และรางวัลพรีเมี่ยมอื่นๆ อีกเพียบ! 😍\r\nซื้อแล้วไม่เพียงแต่ได้ลุ้นโชคใหญ่ แต่ยังได้ร่วมทำบุญช่วยงานสาธารณสุขไทยอีกด้วย 💖  \r\n‼️‼️ เริ่มจำหน่ายวันที่ 18 พฤศจิกายน 2567 เป็นต้นไป ‼️‼️\r\nบอกเลย… รางวัลใหญ่ไม่รอใคร! 🔥 มาเลย! ซื้อสลากกาชาดที่  \r\n1️⃣  สำนักงานธรรมศาสตร์สัมพันธ์ มหาวิทยาลัยธรรมศาสตร์ ท่าพระจันทร์  \r\n2️⃣  โรงพยาบาลธรรมศาสตร์เฉลิมพระเกียรติ\r\n3️⃣   งานกาชาดสวนลุมพินี ในวันที่ 11-22 ธันวาคม 2567\r\n📌สำหรับผู้ที่สนใจทำบุญพร้อมลุ้นโชค สอบถามหรือติดตามการสั่งซื้อได้ที่ \r\nFacebook : Thammasat Relations  \r\nLine : turelations\r\nโทร : 02-613-3777\r\n🔔 ลุ้นรางวัลใหญ่ **Mercedes-Benz** พร้อมทำบุญ **ง่ายๆ** แค่ซื้อสลากกาชาดเท่านั้น!  \r\nทำบุญให้ปัง ทำโชคให้เฮง! 💰✨\r\nกำหนดออกรางวัล วันที่่ 22 ธันวาคม 2567 เวลา 15.00 น. ณ งานกาชาดสวนลุมพินี\r\n#สลากกาชาดธรรมศาสตร์ #ONE_TU #ลุ้นรวยทำบุญ #ทำบุญลุ้นโชค #ThammasatRelations", "image": "ture.jpg", "date": "2024-12-10T08:16:13.957Z", "categories": "clubs", "start_date": "2024-11-18T05:00:00Z", "end_date": "2024-12-22T08:00:00Z", "place": "โรงพยาบาลธรรมศาสตร์เฉลิมพระเกียรติ", "club": 10, "student": null}}, {"model": "web_tu_events.announcement", "pk": 43, "fields": {"title": "แต่งหน้าตามสีมงคล", "description": "ได้เวลามูเตลู!🪄🔮 กองสันฯ ขอนำเสนอเคล็ดลับสอบผ่าน แต่งหน้าตามสีมงคลเพื่อเสริมดวงชะตาในการสอบ🤩🤩\r\nสุดพิเศษ❗️ เสื้อเสริมโชค ใส่ได้ทุกวันทุกเวลา ตัวละ 199฿ เหลือจำนวนจำกัด สนใจสั่งซื้อทัก inbox @rcatu ได้เลยยย!!👕👚✨\r\n#กองสันทนาการแห่งมหาวิทยาลัยธรรมศาสตร์\r\n#กองสันฯมธ\r\n#rcatu", "image": "rcashirt.jpg", "date": "2024-12-06T06:54:32.654Z", "categories": "clubs", "start_date": "2024-12-05T06:25:00Z", "end_date": "2024-12-30T17:00:00Z", "place": "มหาวิทยาลัยธรรมศาสตร์", "club": 14, "student": null}}, {"model": "web_tu_events.announcement", "pk": 44, "fields": {"title": "Sunflower Festival 2", "description": "เปิดตัว!! 3 คณะแรกจากมหาวิทยาลัยธรรมศาสตร์ที่จะมาเข้าร่วมงาน \"Sunflower Festival 2\" ของเรา🤩🥳\r\n\r\n⚙️ “ชมรมสันทนาการ\r\nคณะวิศวกรรมศาสตร์ มหาวิทยาลัยธรรมศาสตร์“\r\n\r\nแล้วมารับชมพลังและเอเนอร์จี้จากพวกเขาได้ที่งาน Sunflower Festival 2 🌻\r\nวันที่ 13 พฤศจิกายน 2567\r\nสถานที่ : ตลาดเชียงราก\r\nเวลา : 17.30 น. เป็นต้นไป\r\n\r\nแล้วมาม่วนกัน!🤩\r\n\r\n#เทศกาลทานตะวันกองสันฯธรรมศาสตร์\r\n#SunflowerFest\r\n#กองสันทนาการแห่งมหาวิทยาลัยธรรมศาสตร์\r\n#กองสันฯมธ\r\n#rcatu", "image": "spg.jpg", "date": "2024-12-10T08:15:42.835Z", "categories": "clubs", "start_date": "2024-11-13T10:30:00Z", "end_date": "2024-11-12T17:00:00Z", "place": "ตลาดเชียงราก", "club": 15, "student": null}}, {"model": "web_tu_events.announcement", "pk": 45, "fields": {"title": "Mediaverse", "description": "🌟 หลักสูตรปรัชญาดุษฎีบัณฑิต (Ph.D.) คณะวารสารศาสตร์และสื่อสารมวลชน มหาวิทยาลัยธรรมศาสตร์ ขอเชิญผู้ที่สนใจทุกท่านร่วมรับฟังการบรรยายพิเศษในหัวข้อ “Mediaverse สื่อมัลติแพลตฟอร์มไทยอยู่รอด - สังคมไทยอยู่ดี”\r\n.\r\n🗓️ วันอังคารที่ 19 พฤศจิกายน 2567\r\n🕘 09.00 - 12.00 น. \r\n📍 ห้อง JM402 ชั้น 4 คณะวารสารศาสตร์และสื่อสารมวลชน มหาวิทยาลัยธรรมศาสตร์ ท่าพระจันทร์\r\n.\r\nหากท่านใดสนใจเข้าร่วมงาน สามารถสแกน QR code ลงทะเบียนเพื่อสำรองที่นั่งได้เลย\r\n.\r\n#JCThammasat \r\n#วารสารธรรมศาสตร์ \r\n#70ปีวารสารศาสตร์ \r\n#ปรัชญาดุษฎีบัณฑิตPhD", "image": "jctu1.jpg", "date": "2024-12-10T08:14:44.175Z", "categories": "education", "start_date": "2024-11-19T02:00:00Z", "end_date": "2024-11-19T05:00:00Z", "place": "ห้อง JM402 ชั้น 4 คณะวารสารศาสตร์และสื่อสารมวลชน มธ ท่าพระจันทร์", "club": null, "student": null}}, {"model": "web_tu_events.announcement", "pk": 46, "fields": {"title": "Call for applications", "description": "Urgent!! “The Japanese Safety Management and Japanese Culture” \r\nAt Kansai University of International Studies, Japan \r\nIs now extend the application period until December 12, 2024! A scholarship is also available for the first selected candidate.\r\nApplication deadline: 12 December 2024\r\n📝How to apply: submit all required documents to Ms. Pimchada Arjwichai, Office of International Affairs, 2nd Floor, TSE Admin Building, or email apimchada@engr.tu.ac.th\r\n📌 More details: https://drive.google.com/.../181LALNYWRjEgX0T4NYwzt2sMg...", "image": "kansai.jpg", "date": "2024-12-06T07:35:47.318Z", "categories": "clubs", "start_date": "2024-12-06T07:06:27Z", "end_date": "2024-12-11T17:00:00Z", "place": "2nd Floor, TSE Admin Building", "club": 16, "student": null}}, {"model": "web_tu_events.announcement", "pk": 47, "fields": {"title": "สัมมนาสมาชิกค่าย", "description": "❗️❗️มาแล้ววววววว❗️❗️\r\n\r\nสำหรับกิจกรรม “สัมมนาสมาชิกค่าย✨” ที่ทุกคนรอคอยยย🎉🎉🎉 เตรียมตัวให้พร้อมแล้วมาเจอกันค้าบบบ💥\r\n\r\n📌วันที่ 20 พฤศจิกายน 2567\r\n⏰เวลา 17.00 น. เป็นต้นไปปป\r\n🚪ห้อง วศ.604/1 ตึกอำนวยการ คณะวิศวกรรมศาสตร์ มหาวิทยาลัยธรรมศาสตร์\r\n\r\n⚡️มาเจอกันเยอะ ๆ น๊าาาา🥹\r\n\r\n#engrcamp #engrcamp30 #thammasat", "image": "appcamp.png", "date": "2024-12-06T07:10:49.376Z", "categories": "clubs", "start_date": "2024-11-20T10:00:00Z", "end_date": "2024-11-19T17:00:00Z", "place": "ห้อง วศ.604/1 ตึกอำนวยการ คณะวิศวกรรมศาสตร์", "club": 17, "student": null}}, {"model": "web_tu_events.announcement", "pk": 48, "fields": {"title": "รับสมัคร TU PHOTO CAMP", "description": "‼️ เปิดรับสมัคร ถึง 30 พฤศจิกายนนี้ ‼️\r\nTU PHOTO CAMP ตอน “หมีล่ากล้อง ท่องภูหินร่องกล้า“🌲🐻\r\n\r\n👏🏼นี่แหละะ นี่แหละะะ👏🏼 มกราคมนี้ ทียูโฟโต้จะพาทุกคนไปสัมผัสลมหนาว ผจญหมอก บุกป่าฝ่าหินที่ภูหินร่องกล้า✨ เพียงตะโกน ‘แบ็คแพ็คคค’ แล้วกรอกฟอร์มรับสมัคร เตรียมจัดกระเป๋าออกผจญภัยกันเล้ยยย 🎒🏞️\r\n\r\n⏰ ระยะเวลาค่าย 9 - 15 มกราคม 2568 ⏰\r\nสถานที่ อุทยานแห่งชาติภูหินร่องกล้า จ.พิษณุโลก\r\n\r\n🪧 เปิดรับสมัครตั้งแต่วันนี้ - 30 พ.ย. 67\r\n🪧 ประกาศผลผู้ติดค่ายวันที่ 2 ธ.ค. 67\r\n\r\n📣🐨: ❗️เฉพาะนักศึกษามธ❗️\r\nจะนักศึกษามธ.ศูนย์ไหนก็สมัครได้นะ ! ไม่จำเป็นต้องมีกล้องก็สมัครได้ !! ยกมือถือสแกนคิวอาร์โค้ด หรือจิ้มลิงค์บนไบโอได้เล้ย แล้วเจอกันนน 🤎❕\r\n\r\n📌ใช้อีเมล @dome.tu.ac.th ในการ Log in น้าา📌\r\nPlease log in with email @dome.tu.ac.th naka 😊\r\n\r\nติดตามและสอบถามข้อมูลได้ที่\r\n📺 IG: @tuphotoclub\r\n📺 FB: TU Photo\r\nและ Website : tuphotoclub.com\r\n#tuphoto #tuphotocamp #มกรานี้ต้องว่างนะ #หมีล่ากล้อง #กล้องล่าหมี #ไอนั่นแหละ", "image": "apptuphoto.png", "date": "2024-12-06T07:16:17.448Z", "categories": "clubs", "start_date": "2024-10-31T17:00:00Z", "end_date": "2024-11-29T17:00:00Z", "place": "มหาวิทยาลัยธรรมศาสตร์", "club": 18, "student": null}}, {"model": "web_tu_events.announcement", "pk": 49, "fields": {"title": "TBS basketball club jersey", "description": "Pre-Order Now ‼️🔥\r\nมาแล้ว TBS basketball club jersey🩵🤍 ชุดบาสสีน้ำเงินเข้มตัดด้วยแถบขาวอมม่วงพร้อมแพทเทิร์นของสายฝน ใส่เล่นบาสก็ดี ใส่เดินเล่นก็เท่ ใส่นอนก็สบาย สำหรับใครที่สนใจ สั่ง Pre ได้แล้ววันนี้\r\n\r\n💸ราคา : Price\r\n🎽 เสื้อบาส : 379฿\r\n🩳 กางเกง : 269฿\r\n⛹️‍♀️ ชุดบาส (เสื้อ+กางเกง): 579฿\r\n\r\nPre-Order ประมาณ 12-15วัน\r\n👮🏻นัดรับที่คณะพาณิชยศาสตร์ฯ หรือ ยิม 7\r\n🚚 ค่าส่ง เสื้อ,กางเกง 30฿ ทั้งชุด 55฿\r\n\r\n🗓️สั่งได้ตั้งแต่วันนี้-22 พฤศจิกายนนี้\r\n\r\n📌เนื้อผ้ายืดหยุ่น ระบายอากาศดี ไม่อุ้มน้ำ คุณภาพผ้างานสั่งทอ\r\n\r\nช่องทางการสั่งซื้อและ สอบถามเพิ่มเติม\r\n💬: กรอกฟอร์มหน้าไบโอไอจีชมรม\r\nIg: tbsbasketball club", "image": "jersytbs.png", "date": "2024-12-06T07:20:52.491Z", "categories": "clubs", "start_date": "2024-11-01T07:20:32Z", "end_date": "2024-11-22T07:20:34Z", "place": "มหาวิทยาลัยธรรมศาสตร์", "club": 19, "student": null}}, {"model": "web_tu_events.announcement", "pk": 50, "fields": {"title": "Pre-Order เสื้อ LawTUFC", "description": "📢📢กลับมาอีกครั้งตามคำเรียกร้อง Pre-Order เสื้อ LawTUFC รอบสอง🚨🚨‼️\r\n\r\n“Back to the Future“⏳✨ ย้อนเวลาไปสู่ความคลาสสิกกับสไตล์ Vintage Retro ที่ยังคงอยู่เหนือกาลเวลา  \r\nปีนี้พวกเราจะให้คุณสัมผัสถึงความหรูหราและเอกลักษณ์ที่ไม่เหมือนใครกับ 2 สีสุดพิเศษที่บอกเล่าประวัติศาสตร์และความภาคภูมิใจ🤍💙🤍💙\r\n\r\nตัวแรก Limited Edition สีขาวทอง ชุดแข่งหลักประจำปี และสีกรมขาว Classic Edition ครบรอบ 13 ปี Law TUFC ทั้งสองสีนี้ได้รับการออกแบบมาเพื่อสะท้อนความคลาสสิกเหนือกาลเวลาผสมผสานความสวยงามของอดีตกับความงดงามสดใสของอนาคตในหนึ่งเดียว ไม่ว่าจะเป็น Oversized หรือ Size ปกติ คุณก็จะดูดีได้ในทุกยุค ทุกสมัย😎😎\r\n 📌วางขายตั้งแต่วันนี้ - 20 พฤศจิกายน 2567\r\n ราคาเริ่มต้นเพียง 389 บาท‼️\r\nสามารถ Customized สกรีนชื่อและเลขได้ตามที่ต้องการ💥💥\r\n\r\nเพื่อนๆคนไหนที่สั่งพรีรอบแรกไม่ทัน รอบนี้ต้องห้ามพลาด‼️รีบจับจองเป็นเจ้าของเสื้อสุดเท่นี้กันได้เลยยย👀🫶🏻\r\n\r\n✅ เสื้อสามารถรับได้ที่คณะนิติศาสตร์ มหาวิทยาลัยธรรมศาสตร์\r\n📦 ค่าส่ง 50 บาท สำหรับผู้ที่สนใจการบริการจัดส่งถึงที่หมาย\r\n\r\n📌สามารถสแกน Qr-code หรือ Click link in bio เพื่อพรีออเดอร์ได้เลยยย⚽️", "image": "lawtufcpre.png", "date": "2024-12-06T07:24:50.861Z", "categories": "clubs", "start_date": "2024-11-06T07:24:33Z", "end_date": "2024-11-21T17:00:00Z", "place": "มหาวิทยาลัยธรรมศาสตร์", "club": 20, "student": null}}, {"model": "web_tu_events.announcement", "pk": 51, "fields": {"title": "จัดรถบริการรับ-ส่ง", "description": "องค์การนักศึกษามหาวิทยาลัยธรรมศาสตร์ ศูนย์รังสิต ขอความอนุเคราะห์ กองบริหารศูนย์รังสิต จัดรถบริการรับ-ส่ง เพื่ออำนวยความสะดวกแก่นักศึกษามหาวิทยาลัยธรรมศาสตร์ ศูนย์รังสิต ในช่วงการเตรียมตัวสอบปลายภาค ตั้งแต่วันนี้ - 23 ธันวาคม พ.ศ. 2567 เวลาเดินรถ 21:00 - 23:45 น.\r\n\r\nโดยรอบรถมีดังนี้\r\n\r\n📍 จุดรอรถกลับหอใน หน้าหอพระ\r\nเวลา: 21.00, 21.45, 22.15, 23.00, 23.30 น.\r\n\r\n📍 จุดรอรถไปเชียงราก 1 หน้าหอสมุดป๋วยฯ\r\nเวลา: 21.20, 22.05, 22.35, 23.20, 23.45 น.\r\n\r\nโดยสามารถดูแผนผังการเดินรถได้ที่ @lifeatturangsit\r\n\r\nหมายเหตุ: ภาพหอพระ; วัดป่าน้ำโจน, (2563) จาก https://www.watpanamjone.org/src/news-and-events/TU_Oct.63.html\r\n\r\nหมายเหตุ 2: วันที่ 5 ธันวาคม พ.ศ. 2567 ไม่มีรถวิ่ง เนื่องจากเป็นวันหยุดนักขัตฤกษ์\r\n.\r\nติดตามข่าวสารจาก อมธ.ศูนย์รังสิต ได้ที่\r\nInstagram: @tusu.rangsit\r\nFacebook: Thammasat University Student Union Rangsit Center\r\nX: @tusurangsit", "image": "รถรบสง.png", "date": "2024-12-06T07:29:47.371Z", "categories": "alerts", "start_date": "2024-12-06T07:28:05Z", "end_date": "2024-12-22T17:00:00Z", "place": "มหาวิทยาลัยธรรมศาสตร์", "club": null, "student": null}}, {"model": "web_tu_events.announcement", "pk": 52, "fields": {"title": "กิจกรรมมาแจกขนมและนม", "description": "”อมธ. เติมไฟกำลังใจช่วงสอบ“🔥\r\n\r\n📚📝สอบไฟนอลนี้ อมธ. มีกิจกรรมมาแจกขนมและนมให้กับเพื่อน ๆ นักศึกษาที่มาอ่านหนังสือ\r\n\r\n📍ณ หอสมุดป๋วย อึ๊งภากรณ์\r\n📍วันที่ 4 และ 6 ธันวาคม 2567 ตั้งแต่เวลา 16.00 - 17.00 น.\r\n\r\n📚✅การสอบปลายภาค 1/2567 ของมหาวิทยาลัยธรรมศาสตร์จะเริ่มตั้งแต่วันที่ 3 - 19 ธันวาคม 2567 (ตามปฏิทินการศึกษาของสำนักทะเบียนนักศึกษามหาวิทยาลัยธรรมศาสตร์) อมธ. ขอให้เพื่อน ๆ นักศึกษาผ่านพ้นช่วงเวลาแห่งความเหนื่อย และเครียดนี้ไปให้ได้ และขอให้คะแนนสอบเป็นไปได้อย่างที่เพื่อน ๆ ทุกคนหวัง อย่าลืมดูแลรักษาสุขภาพกันด้วยนะคะ กินข้าวให้ตรงเวลา อย่าลืมมารับขนมกันด้วยน้าาา✨\r\n\r\n📬 Follow us for updates, news, and FAQs, including\r\nasking us questions, and sending us reports here :\r\nInstagram: tusu_thammasat\r\nX: @aormortor\r\nFacebook: องค์การนักศึกษามหาวิทยาลัยธรรมศาสตร์\r\nTUSU Red Alert : [Link in bio]", "image": "แจก.png", "date": "2024-12-06T07:31:52.327Z", "categories": "entertainment", "start_date": "2024-12-04T09:00:00Z", "end_date": "2024-12-06T10:00:00Z", "place": "ณ หอสมุดป๋วย อึ๊งภากรณ์", "club": null, "student": null}}, {"model": "web_tu_events.announcement", "pk": 53, "fields": {"title": "กองทัพต้องเดินด้วยท้อง", "description": "😁🍿อ่านหนังสือนาน ๆ ... แวะเติมพลังที่หอป่วยฯ ได้นะ\r\n#แจกขนมและเครื่องดื่มช่วงสอบ บริเวณหอสมุดป๋วย อึ๊งภากรณ์ ชั้น 1\r\nเริ่มวันนี้วันแรก!! ใครอยู่หอป๋วย แวะมาเติมพลังได้เลย\r\n.\r\nตรวจสอบตารางแจกขนมในรูปได้เลย\r\n*หมายเหตุ : ตารางอาจมีการเปลี่ยนแปลงตามความเหมาะสม\r\n-------------------\r\nWebsite: www.library.tu.ac.th\r\nLine : @lifeonline\r\nInstargram : tu__library\r\nTiktok : @tulibrary", "image": "กองทพ.jpg", "date": "2024-12-06T07:35:16.071Z", "categories": "entertainment", "start_date": "2024-12-03T23:00:00Z", "end_date": "2024-12-10T17:00:00Z", "place": "หอสมุดป๋วย อึ๊งภากรณ์ ชั้น 1", "club": null, "student": null}}, {"model": "web_tu_events.announcement", "pk": 54, "fields": {"title": "ตักบาตรประจำสัปดาห์", "description": "🪷ก่อนวันพระหรือวันลอยกระทงนี้ มาร่วมสั่งสมสิ่งดี ๆ ยามเช้า ในกิจกรรมตักบาตรประจำสัปดาห์\r\n💫 วันพฤหัสบดีที่ 14 พฤศจิกายน 2567\r\nเวลา 08.15-09.00 น. \r\nณ ใต้ตึกกิจกรรม A \r\n#domethamtu\r\n#ตักบาตรประจำสัปดาห์ \r\n#tubc", "image": "takbath.jpg", "date": "2024-12-06T07:38:14.587Z", "categories": "religions", "start_date": "2024-11-14T01:15:00Z", "end_date": "2024-11-14T02:00:00Z", "place": "ณ ใต้ตึกกิจกรรม A", "club": 5, "student": null}}, {"model": "web_tu_events.announcement", "pk": 55, "fields": {"title": "รับสมัครนักกีฬายิงธนู", "description": "มาแล้ว‼️ พร้อมกันรึยัง?\r\n\r\n🏹พวกเรา TUAC ขอเชิญชวนเพื่อน ๆ เข้ามาร่วมเป็นส่วนหนึ่งในชุมนุมกีฬายิงธนูแห่งมหาวิทยาลัยธรรมศาสตร์\r\n\r\n🛎️ เปิดรับสมัครตั้งแต่วันนี้ - 15 ตุลาคม (เวลา 23.59 น.) หรือจนกว่าจะครบจำนวนที่กำหนด\r\n\r\nหากคุณมีใจรักในกีฬายิงธนู และอยากเปิดประสบการณ์กับพวกเรา TU Archery Club ห้ามพลาดโอกาสดี ๆ แบบนี้เด็ดขาด!\r\n\r\nคุณสมบัติ\r\n✅เป็นนักศึกษา ชั้นปีที่ 1 และ 2 รหัส 66-67 ไม่จำกัดคณะและเพศ\r\n✅มีความสนใจในกีฬายิงธนู\r\n✅มีความตั้งใจและพยายาม\r\n✅สามารถแบ่งเวลาระหว่างการซ้อมและการเรียนได้ดี\r\n✅มีวินัยและความอดทน\r\n✅มีความรับผิดชอบ\r\nหมายเหตุ: ไม่จำเป็นต้องมีพื้นฐานหรืออุปกรณ์ก็สามารถสมัครได้\r\n\r\nสแกนคิวอาร์ที่แนบมาได้เลย! ลุย!\r\n(ใช้เมลของมหาลัย @dome ในการกรอกน้า)‼️‼️‼️\r\n\r\nแล้วพบกัน💗🏹✨\r\n\r\n#tuarcheryclub", "image": "archery.png", "date": "2024-12-06T07:42:28.503Z", "categories": "clubs", "start_date": "2024-09-30T07:41:43Z", "end_date": "2024-10-14T17:00:00Z", "place": "มหาวิทยาลัยธรรมศาสตร์", "club": 21, "student": null}}, {"model": "web_tu_events.lost", "pk": 21, "fields": {"items_name": "เครื่องคิดเลข", "image": "20241123_113221.jpg", "description": "ด้านหลังมีสติกเกอร์ลายเเมวติด", "lost_at": "SC1034 อาคารเรียนรวม1 มหาวิทยาลัยธรรมศาสตร์ ศูนย์รังสิต", "contact": "0895946666", "founded_status": false, "date": "2024-11-23", "time": "11:34:49.269", "student": 4}}, {"model": "web_tu_events.lost", "pk": 22, "fields": {"items_name": "กระเป๋าตังค์", "image": "20241122_095139_HbuPPOb.jpg", "description": "กระเป๋าตังค์ลายการตูน ข้างในมีบัตรนักศึกษา รีบใช้ด่วนถ้าเจอกรุณานำติดต่อที่เบอร์ด้านล่างได้เลยค่ะ", "lost_at": "ENGR ห้อง 317 มหาวิทยาลัยธรรมศาสตร์ ศูนย์รังสิต", "contact": "0644258888", "founded_status": false, "date": "2024-11-23", "time": "11:53:40.744", "student": 3}}, {"model": "web_tu_events.lost", "pk": 33, "fields": {"items_name": "พวงกุญแจ", "image": "housekey.jpg", "description": "พวงกุญแจขนาดมหึมา มีตัวการ์ตูนนวนคร ยานยนต์", "lost_at": "ใต้ตึกคุณากร บริเวณหน้าห้องประชาสัมพันธ์", "contact": "0266547896", "founded_status": true, "date": "2024-12-03", "time": "15:19:43.543", "student": 9}}, {"model": "web_tu_events.lost", "pk": 34, "fields": {"items_name": "หูฟัง", "image": "S__32800774_0.jpg", "description": "หูฟัง in-ear monitor สายทองแดง มีคำว่า ed12 ตรงที่ใส่หู", "lost_at": "โรงอาหาร jc หน้าร้านไอติม", "contact": "0587965412", "founded_status": false, "date": "2024-12-03", "time": "15:34:59.034", "student": 8}}, {"model": "web_tu_events.lost", "pk": 35, "fields": {"items_name": "สายชาร์จสั้น", "image": "lightning.jpg", "description": "สายชาร์จ ugreen สายถัก เส้นสั้นกว่าขนาดปกติ", "lost_at": "student lounge SC3", "contact": "0669874555", "founded_status": true, "date": "2024-12-06", "time": "13:25:26.745", "student": 14}}, {"model": "web_tu_events.lost", "pk": 36, "fields": {"items_name": "กุญแจรถ", "image": "geer.jpg", "description": "กุญแจรถมีเกียร์วิศวะห้อยอยู่ด้วย", "lost_at": "ร้านกาแฟข้างตึกวิศวกรรมศาสตร์", "contact": "0854563659", "founded_status": false, "date": "2024-12-06", "time": "13:29:40.874", "student": 13}}, {"model": "web_tu_events.lost", "pk": 37, "fields": {"items_name": "จิ้งจกปลอม", "image": "จงจก.jpg", "description": "จิ้งจกปลอม ไม่มีตำหนิ เพิ่งได้มาใหม่", "lost_at": "ENGR 603-1", "contact": "0354789658", "founded_status": false, "date": "2024-12-06", "time": "13:34:45.442", "student": 15}}, {"model": "web_tu_events.found", "pk": 11, "fields": {"items_name": "สายชาร์จ typeC", "image": "charger.jpg", "description": "สายชาร์จ typeC to C สภาพดำนิดหน่อย", "found_at": "หอจดหมาย สวนป๋วย100ปี", "contact": "0596545669", "founded_status": false, "date": "2024-12-03", "time": "15:17:01.864", "student": 9}}, {"model": "web_tu_events.found", "pk": 12, "fields": {"items_name": "Mouth Spray", "image": "S__32800772_0.jpg", "description": "สเปรย์บรรเทากลิ่นปาก glister รสมิ้น", "found_at": "ห้องน้ำหญิงหน้าห้อง ENGR103", "contact": "0966546588", "founded_status": true, "date": "2024-12-03", "time": "15:32:48.850", "student": 11}}, {"model": "web_tu_events.found", "pk": 13, "fields": {"items_name": "ตุ๊กตากบ", "image": "doll.jpg", "description": "ตุ๊กตากบมีกางเกงในพาดหน้า", "found_at": "well-being อาคารเรียนรวมสังคมศาสตร์ (SC)", "contact": "0889874563", "founded_status": false, "date": "2024-12-03", "time": "15:36:12.353", "student": 8}}, {"model": "web_tu_events.found", "pk": 14, "fields": {"items_name": "กล้องฟิล์ม", "image": "camra.jpg", "description": "กล้องฟิล์มรุ่นใหม่ สีขาว", "found_at": "ข้างโต๊ะปิงปอง หน้าตู้เต่าบิน ยิม7", "contact": "0587965455", "founded_status": false, "date": "2024-12-03", "time": "15:39:05.518", "student": 10}}, {"model": "web_tu_events.found", "pk": 15, "fields": {"items_name": "สมุดโน๊ต", "image": "nn.jpg", "description": "สมุดโน๊ตขนาด a5 สีน้ำตาลอ่อน เป็นสันห่วงคู่", "found_at": "ห้องน้ำชายหน้าร้านอเมซอน SC3", "contact": "0887889898", "founded_status": false, "date": "2024-12-06", "time": "13:27:11.672", "student": 14}}, {"model": "web_tu_events.found", "pk": 16, "fields": {"items_name": "เสื้อกันหนาว", "image": "sw.jpg", "description": "เสื้อกันหนาวสีน้ำตาลอ่อน ไม่มีซิบ เป็น sweater", "found_at": "โต๊ะรวม ศกร. ชั้น 4", "contact": "0669635478", "founded_status": false, "date": "2024-12-06", "time": "13:31:18.544", "student": 13}}, {"model": "web_tu_events.found", "pk": 17, "fields": {"items_name": "กุญแจรถ", "image": "key.jpg", "description": "กุญแจรถมีพวกกุญแจ greece", "found_at": "เมนสเตเดียม ตรงคณะสหเวช", "contact": "0968544444", "founded_status": false, "date": "2024-12-06", "time": "13:36:54.792", "student": 15}}, {"model": "web_tu_events.interest", "pk": 11, "fields": {"user": 1, "announcement": 2, "interested_at": "2024-11-25T12:41:54.917Z"}}, {"model": "web_tu_events.interest", "pk": 47, "fields": {"user": 1, "announcement": 1, "interested_at": "2024-11-30T09:43:26.840Z"}}, {"model": "web_tu_events.interest", "pk": 61, "fields": {"user": 9, "announcement": 1, "interested_at": "2024-11-30T19:57:46.465Z"}}, {"model": "web_tu_events.interest", "pk": 66, "fields": {"user": 7, "announcement": 1, "interested_at": "2024-11-30T20:07:25.966Z"}}, {"model": "web_tu_events.interest", "pk": 71, "fields": {"user": 1, "announcement": 3, "interested_at": "2024-12-02T08:08:19.702Z"}}, {"model": "web_tu_events.interest", "pk": 72, "fields": {"user": 11, "announcement": 3, "interested_at": "2024-12-03T08:10:35.012Z"}}, {"model": "web_tu_events.interest", "pk": 73, "fields": {"user": 14, "announcement": 3, "interested_at": "2024-12-03T08:39:24.417Z"}}, {"model": "web_tu_events.interest", "pk": 74, "fields": {"user": 11, "announcement": 26, "interested_at": "2024-12-04T07:16:33.152Z"}}, {"model": "web_tu_events.interest", "pk": 75, "fields": {"user": 11, "announcement": 32, "interested_at": "2024-12-04T07:17:06.641Z"}}, {"model": "web_tu_events.interest", "pk": 76, "fields": {"user": 10, "announcement": 1, "interested_at": "2024-12-04T07:18:01.824Z"}}, {"model": "web_tu_events.interest", "pk": 77, "fields": {"user": 10, "announcement": 28, "interested_at": "2024-12-04T07:18:06.244Z"}}, {"model": "web_tu_events.interest", "pk": 78, "fields": {"user": 10, "announcement": 33, "interested_at": "2024-12-04T07:18:12.569Z"}}, {"model": "web_tu_events.interest", "pk": 79, "fields": {"user": 10, "announcement": 31, "interested_at": "2024-12-04T07:18:16.366Z"}}, {"model": "web_tu_events.interest", "pk": 80, "fields": {"user": 10, "announcement": 3, "interested_at": "2024-12-04T07:19:02.729Z"}}, {"model": "web_tu_events.interest", "pk": 81, "fields": {"user": 1, "announcement": 45, "interested_at": "2024-12-06T07:08:06.413Z"}}, {"model": "web_tu_events.interest", "pk": 82, "fields": {"user": 1, "announcement": 42, "interested_at": "2024-12-06T07:08:11.360Z"}}, {"model": "web_tu_events.interest", "pk": 83, "fields": {"user": 10, "announcement": 44, "interested_at": "2024-12-06T07:25:21.853Z"}}, {"model": "web_tu_events.interest", "pk": 84, "fields": {"user": 20, "announcement": 27, "interested_at": "2024-12-10T05:33:38.206Z"}}, {"model": "web_tu_events.interest", "pk": 85, "fields": {"user": 20, "announcement": 2, "interested_at": "2024-12-10T05:33:43.570Z"}}, {"model": "web_tu_events.interest", "pk": 86, "fields": {"user": 20, "announcement": 42, "interested_at": "2024-12-10T05:33:48.550Z"}}, {"model": "web_tu_events.interest", "pk": 87, "fields": {"user": 19, "announcement": 3, "interested_at": "2024-12-10T05:34:11.340Z"}}, {"model": "web_tu_events.interest", "pk": 88, "fields": {"user": 19, "announcement": 28, "interested_at": "2024-12-10T05:34:15.037Z"}}, {"model": "web_tu_events.interest", "pk": 89, "fields": {"user": 21, "announcement": 55, "interested_at": "2024-12-10T05:37:34.965Z"}}, {"model": "web_tu_events.interest", "pk": 90, "fields": {"user": 21, "announcement": 38, "interested_at": "2024-12-10T05:37:50.878Z"}}, {"model": "web_tu_events.interest", "pk": 91, "fields": {"user": 21, "announcement": 52, "interested_at": "2024-12-10T05:37:59.464Z"}}, {"model": "web_tu_events.interest", "pk": 92, "fields": {"user": 14, "announcement": 54, "interested_at": "2024-12-10T05:39:21.198Z"}}, {"model": "web_tu_events.interest", "pk": 93, "fields": {"user": 14, "announcement": 53, "interested_at": "2024-12-10T05:39:27.375Z"}}, {"model": "web_tu_events.interest", "pk": 94, "fields": {"user": 14, "announcement": 49, "interested_at": "2024-12-10T05:39:40.148Z"}}, {"model": "web_tu_events.interest", "pk": 95, "fields": {"user": 14, "announcement": 43, "interested_at": "2024-12-10T05:39:43.780Z"}}, {"model": "web_tu_events.interest", "pk": 96, "fields": {"user": 18, "announcement": 50, "interested_at": "2024-12-10T05:41:29.799Z"}}, {"model": "web_tu_events.interest", "pk": 97, "fields": {"user": 18, "announcement": 37, "interested_at": "2024-12-10T05:41:38.785Z"}}, {"model": "web_tu_events.interest", "pk": 98, "fields": {"user": 18, "announcement": 45, "interested_at": "2024-12-10T05:41:42.694Z"}}, {"model": "web_tu_events.interest", "pk": 99, "fields": {"user": 18, "announcement": 42, "interested_at": "2024-12-10T05:41:58.330Z"}}, {"model": "web_tu_events.interest", "pk": 100, "fields": {"user": 18, "announcement": 51, "interested_at": "2024-12-10T05:42:12.506Z"}}, {"model": "web_tu_events.interest", "pk": 101, "fields": {"user": 20, "announcement": 46, "interested_at": "2024-12-10T05:43:30.883Z"}}, {"model": "web_tu_events.interest", "pk": 102, "fields": {"user": 20, "announcement": 37, "interested_at": "2024-12-10T05:43:36.296Z"}}, {"model": "web_tu_events.interest", "pk": 103, "fields": {"user": 20, "announcement": 36, "interested_at": "2024-12-10T05:43:52.002Z"}}, {"model": "web_tu_events.interest", "pk": 104, "fields": {"user": 16, "announcement": 43, "interested_at": "2024-12-10T05:45:01.265Z"}}, {"model": "web_tu_events.interest", "pk": 105, "fields": {"user": 16, "announcement": 47, "interested_at": "2024-12-10T05:45:04.998Z"}}, {"model": "web_tu_events.interest", "pk": 106, "fields": {"user": 16, "announcement": 48, "interested_at": "2024-12-10T05:45:09.180Z"}}, {"model": "web_tu_events.interest", "pk": 107, "fields": {"user": 16, "announcement": 27, "interested_at": "2024-12-10T05:45:22.055Z"}}, {"model": "web_tu_events.interest", "pk": 108, "fields": {"user": 16, "announcement": 32, "interested_at": "2024-12-10T05:45:28.545Z"}}, {"model": "web_tu_events.interest", "pk": 109, "fields": {"user": 16, "announcement": 38, "interested_at": "2024-12-10T05:45:31.524Z"}}, {"model": "web_tu_events.interest", "pk": 110, "fields": {"user": 16, "announcement": 53, "interested_at": "2024-12-10T05:45:38.545Z"}}, {"model": "web_tu_events.interest", "pk": 111, "fields": {"user": 16, "announcement": 54, "interested_at": "2024-12-10T05:45:42.255Z"}}, {"model": "web_tu_events.interest", "pk": 112, "fields": {"user": 11, "announcement": 29, "interested_at": "2024-12-10T05:46:33.005Z"}}, {"model": "web_tu_events.interest", "pk": 113, "fields": {"user": 11, "announcement": 38, "interested_at": "2024-12-10T05:46:36.715Z"}}, {"model": "web_tu_events.interest", "pk": 114, "fields": {"user": 11, "announcement": 44, "interested_at": "2024-12-10T05:46:40.501Z"}}, {"model": "web_tu_events.interest", "pk": 115, "fields": {"user": 11, "announcement": 52, "interested_at": "2024-12-10T05:46:45.239Z"}}, {"model": "web_tu_events.interest", "pk": 116, "fields": {"user": 11, "announcement": 48, "interested_at": "2024-12-10T05:46:56.237Z"}}, {"model": "web_tu_events.interest", "pk": 117, "fields": {"user": 11, "announcement": 46, "interested_at": "2024-12-10T05:47:00.163Z"}}, {"model": "web_tu_events.interest", "pk": 118, "fields": {"user": 10, "announcement": 51, "interested_at": "2024-12-10T05:47:35.885Z"}}, {"model": "web_tu_events.interest", "pk": 119, "fields": {"user": 10, "announcement": 50, "interested_at": "2024-12-10T05:47:48.712Z"}}, {"model": "web_tu_events.interest", "pk": 120, "fields": {"user": 10, "announcement": 55, "interested_at": "2024-12-10T05:47:52.177Z"}}, {"model": "web_tu_events.interest", "pk": 121, "fields": {"user": 22, "announcement": 27, "interested_at": "2024-12-10T05:50:41.191Z"}}, {"model": "web_tu_events.interest", "pk": 122, "fields": {"user": 22, "announcement": 54, "interested_at": "2024-12-10T05:50:53.475Z"}}, {"model": "web_tu_events.interest", "pk": 123, "fields": {"user": 22, "announcement": 29, "interested_at": "2024-12-10T05:50:56.705Z"}}, {"model": "web_tu_events.interest", "pk": 124, "fields": {"user": 22, "announcement": 33, "interested_at": "2024-12-10T05:51:00.780Z"}}, {"model": "web_tu_events.interest", "pk": 125, "fields": {"user": 22, "announcement": 55, "interested_at": "2024-12-10T05:51:09.178Z"}}, {"model": "web_tu_events.interest", "pk": 126, "fields": {"user": 22, "announcement": 26, "interested_at": "2024-12-10T05:51:13.803Z"}}, {"model": "web_tu_events.interest", "pk": 127, "fields": {"user": 22, "announcement": 47, "interested_at": "2024-12-10T05:51:17.320Z"}}, {"model": "web_tu_events.interest", "pk": 128, "fields": {"user": 22, "announcement": 46, "interested_at": "2024-12-10T05:51:23.902Z"}}, {"model": "web_tu_events.interest", "pk": 129, "fields": {"user": 22, "announcement": 43, "interested_at": "2024-12-10T05:51:28.161Z"}}, {"model": "web_tu_events.interest", "pk": 130, "fields": {"user": 22, "announcement": 38, "interested_at": "2024-12-10T05:51:37.318Z"}}, {"model": "web_tu_events.interest", "pk": 131, "fields": {"user": 22, "announcement": 53, "interested_at": "2024-12-10T05:51:44.395Z"}}]